1;1;-3002;11:03:02;;-0,03598;8,21;;0,048001;20,66370453;;0,144574;85,57232932;187,6087748
1;2;-3002;11:03:05;;-0,035767;8,20;;0,047861;20,40225017;;0,145016;85,83394599;188,1823432
1;3;-3002;11:03:08;;-0,035672;8,20;;0,047714;20,13128271;;0,145343;86,02749498;188,60668
1;4;-3002;11:03:12;;-0,03559;8,20;;0,047607;19,93631376;;0,15451;91,45337753;200,5023849
1;5;-3002;11:03:15;;-0,035452;8,20;;0,048166;20,97615187;;0,180887;107,0657375;234,7309229
1;6;-2947;11:03:23;;-0,037024;8,23;;0,047778;20,24880977;;0,213882;126,5952449;277,547415
1;7;-2947;11:03:26;;-0,036996;8,23;;0,048212;21,0640975;;0,219232;129,7618721;284,4899284
1;8;-2947;11:03:29;;-0,03627;8,21;;0,04816;20,9647078;;0,216251;127,9974393;280,6215859
1;9;-2947;11:03:33;;-0,036465;8,22;;0,047946;20,56059309;;0,213565;126,4076149;277,1360548
1;10;-2947;11:03:36;;-0,036896;8,22;;0,047626;19,97079601;;0,20253;119,8760763;262,8163097
1;11;-2898;11:03:44;;-0,036472;8,22;;0,047873;20,42453032;;0,196265;116,1678671;254,6864318
1;12;-2898;11:03:47;;-0,036838;8,22;;0,047739;20,17711031;;0,194577;115,1687518;252,4959714
1;13;-2898;11:03:50;;-0,037277;8,23;;0,047736;20,1716055;;0,186871;110,6076248;242,4961567
1;14;-2898;11:03:53;;-0,037317;8,23;;0,048178;20,99905874;;0,17626;104,3270489;228,726622
1;15;-2898;11:03:57;;-0,037564;8,24;;0,04812;20,88857342;;0,170874;101,1391135;221,7373925
1;16;-2849;11:04:05;;-0,037625;8,24;;0,047552;19,83683199;;0,163815;96,9609413;212,5771677
1;17;-2849;11:04:08;;-0,037488;8,24;;0,047577;19,88198929;;0,16633;98,44955203;215,8407979
1;18;-2849;11:04:11;;-0,03739;8,23;;0,048163;20,97042905;;0,166357;98,46553314;215,8758349
1;19;-2849;11:04:14;;-0,037445;8,23;;0,048178;20,99905874;;0,165613;98,0251648;214,9103713
1;20;-2849;11:04:18;;-0,03735;8,23;;0,04805;20,75600294;;0,16348;96,76265716;212,1424496
1;21;-2797;11:04:26;;-0,037161;8,23;;0,048157;20,95898811;;0,168417;99,68483259;218,549027
1;22;-2797;11:04:29;;-0,037091;8,23;;0,047592;19,909133;;0,169406;100,2702147;219,8324187
1;23;-2797;11:04:32;;-0,037082;8,23;;0,048001;20,66370453;;0,169366;100,246539;219,7805121
1;24;-2797;11:04:35;;-0,037076;8,23;;0,047931;20,5325612;;0,167731;99,27879403;217,658828
1;25;-2797;11:04:39;;-0,037161;8,23;;0,047614;19,94901082;;0,165714;98,08494598;215,0414356
1;26;-2749;11:04:47;;-0,037149;8,23;;0,048111;20,87148132;;0,160718;95,12784887;208,5582959
1;27;-2749;11:04:50;;-0,037262;8,23;;0,048126;20,89997592;;0,169614;100,3933284;220,1023333
1;28;-2749;11:04:53;;-0,037698;8,24;;0,04805;20,75600294;;0,178131;105,4344806;231,1545552
1;29;-2749;11:04:56;;-0,03772;8,24;;0,048221;21,08134734;;0,173975;102,9745735;225,761455
1;30;-2749;11:05:00;;-0,03815;8,25;;0,047952;20,57181656;;0,17597;104,1553999;228,3502988
1;31;-2698;11:05:08;;-0,038489;8,25;;0,047644;20,00351842;;0,196188;116,1222913;254,5865115
1;32;-2698;11:05:11;;-0,038678;8,26;;0,048129;20,90567951;;0,189484;112,1542411;245,8869581
1;33;-2698;11:05:14;;-0,038745;8,26;;0,047668;20,04723171;;0,172586;102,1524342;223,9589968
1;34;-2698;11:05:17;;-0,038831;8,26;;0,047745;20,18812445;;0,169586;100,3767554;220,0659986
1;35;-2698;11:05:21;;-0,038928;8,26;;0,047958;20,58304616;;0,171274;101,3758707;222,2564589
1;36;-2646;11:05:29;;-0,038858;8,26;;0,04787;20,418958;;0,171317;101,4013221;222,3122586
1;37;-2646;11:05:32;;-0,03887;8,26;;0,047675;20,05999941;;0,172244;101,9500069;223,515195
1;38;-2646;11:05:35;;-0,03887;8,26;;0,047745;20,18812445;;0,174823;103,4764987;226,8618758
1;39;-2646;11:05:38;;-0,038831;8,26;;0,047598;19,92000085;;0,176877;104,6922468;229,5272819
1;40;-2646;11:05:42;;-0,038818;8,26;;0,047626;19,97079601;;0,174518;103,2959714;226,4660877
1;41;-2598;11:05:50;;-0,038919;8,26;;0,04812;20,88857342;;0,175903;104,1157431;228,2633552
1;42;-2598;11:05:53;;-0,038846;8,26;;0,04816;20,9647078;;0,176572;104,5117195;229,1314938
1;43;-2598;11:05:56;;-0,038907;8,26;;0,048077;20,8070373;;0,176929;104,7230253;229,5947606
1;44;-2598;11:05:59;;-0,039023;8,26;;0,047891;20,45799617;;0,179477;106,2311685;232,9012137
1;45;-2598;11:06:03;;-0,039297;8,27;;0,047852;20,385556;;0,180795;107,0112833;234,6115376
1;46;-2548;11:06:11;;-0,039368;8,27;;0,048209;21,05835069;;0,182434;107,9813959;236,7384123
1;47;-2548;11:06:14;;-0,039163;8,27;;0,048187;21,01625532;;0,183652;108,7023215;238,3189696
1;48;-2548;11:06:17;;-0,039038;8,26;;0,04762;19,95990044;;0,184375;109,1302601;239,2571822
1;49;-2548;11:06:20;;-0,039005;8,26;;0,048102;20,85440321;;0,183365;108,5324482;237,9465394
1;50;-2548;11:06:24;;-0,03902;8,26;;0,048257;21,15048805;;0,180649;106,924867;234,4220784
1;51;-2498;11:06:32;;-0,038953;8,26;;0,047772;20,23776252;;0,178397;105,5919241;231,4997344
1;52;-2498;11:06:35;;-0,038831;8,26;;0,047562;19,85488259;;0,177948;105,3261642;230,9170823
1;53;-2498;11:06:38;;-0,038928;8,26;;0,047662;20,03629444;;0,178091;105,4108048;231,1026486
1;54;-2498;11:06:41;;-0,038928;8,26;;0,047614;19,94901082;;0,178473;105,636908;231,598357
1;55;-2498;11:06:45;;-0,038983;8,26;;0,047665;20,04176233;;0,179181;106,0559681;232,5171046
1;56;-2447;11:06:53;;-0,039304;8,27;;0,047729;20,15876677;;0,185779;109,9612777;241,0791053
1;57;-2447;11:06:56;;-0,039377;8,27;;0,047699;20,10383613;;0,187061;110,7200845;242,7427132
1;58;-2447;11:06:59;;-0,039484;8,27;;0,0478;20,28936796;;0,186288;110,2625512;241,7396174
1;59;-2447;11:07:02;;-0,039493;8,27;;0,047943;20,55498365;;0,186761;110,5425166;242,3534134
1;60;-2447;11:07:06;;-0,039517;8,27;;0,04805;20,75600294;;0,187094;110,739617;242,7855362
1;61;-2397;11:07:14;;-0,03952;8,27;;0,048108;20,86578706;;0,187643;111,0645662;243,4979549
1;62;-2397;11:07:17;;-0,039426;8,27;;0,047653;20,01989972;;0,187625;111,0539121;243,4745969
1;63;-2397;11:07:20;;-0,039539;8,27;;0,048154;20,95326998;;0,188162;111,3717586;244,1714436
1;64;-2397;11:07:23;;-0,039484;8,27;;0,047845;20,3725811;;0,190411;112,7029258;247,0898946
1;65;-2397;11:07:27;;-0,039484;8,27;;0,047974;20,61302173;;0,19184;113,5487408;248,9442594
1;66;-2348;11:07:35;;-0,039642;8,28;;0,047931;20,5325612;;0,19032;112,6490636;246,971807
1;67;-2348;11:07:38;;-0,039655;8,28;;0,047583;19,89284233;;0,189301;112,0459247;245,6494852
1;68;-2348;11:07:41;;-0,039603;8,27;;0,047665;20,04176233;;0,188046;111,303099;244,0209143
1;69;-2348;11:07:44;;-0,039603;8,27;;0,047525;19,7881773;;0,186945;110,6514249;242,592184
1;70;-2348;11:07:48;;-0,039636;8,27;;0,048032;20,72204959;;0,18598;110,0802482;241,3399362
1;71;-2300;11:07:56;;-0,039749;8,28;;0,047961;20,58866326;;0,185126;109,5747717;240,2317294
1;72;-2300;11:07:59;;-0,03981;8,28;;0,047681;20,07094962;;0,186322;110,2826756;241,783738
1;73;-2300;11:08:02;;-0,039688;8,28;;0,047562;19,85488259;;0,191;113,0515508;247,8542199
1;74;-2300;11:08:05;;-0,039526;8,27;;0,048123;20,89427389;;0,194919;115,3711792;252,9397732
1;75;-2300;11:08:09;;-0,039124;8,27;;0,047977;20,61864701;;0,193301;114,4134964;250,8401495
1;76;-2247;11:08:17;;-0,038309;8,25;;0,047943;20,55498365;;0,192148;113,7310438;249,3439405
1;77;-2247;11:08:20;;-0,037982;8,24;;0,048083;20,8183953;;0,191403;113,2900836;248,3771793
1;78;-2247;11:08:23;;-0,037527;8,24;;0,047852;20,385556;;0,190344;112,663269;247,0029509
1;79;-2247;11:08:26;;-0,037302;8,23;;0,047876;20,43010416;;0,188043;111,3013233;244,0170213
1;80;-2247;11:08:30;;-0,037042;8,23;;0,04776;20,21568611;;0,182327;107,9180633;236,599562
1;81;-2198;11:08:38;;-0,036575;8,22;;0,047751;20,1991446;;0,165948;98,22344893;215,3450894
1;82;-2198;11:08:41;;-0,03653;8,22;;0,047757;20,21017077;;0,168539;99,75704353;218,7073422
1;83;-2198;11:08:44;;-0,036423;8,22;;0,048193;21,02772752;;0,1728;102,2790993;224,2366974
1;84;-2198;11:08:48;;-0,036383;8,22;;0,048038;20,7333612;;0,176352;104,381503;228,8460073
1;85;-2198;11:08:51;;-0,036298;8,21;;0,048062;20,7786694;;0,178067;105,3965994;231,0715046
1;86;-2148;11:08:59;;-0,036392;8,22;;0,047992;20,64679643;;0,182135;107,8044199;236,3504102
1;87;-2148;11:09:02;;-0,03638;8,22;;0,047662;20,03629444;;0,181885;107,6564466;236,0259936
1;88;-2148;11:09:05;;-0,036298;8,21;;0,047678;20,06547377;;0,183795;108,7869622;238,5045358
1;89;-2148;11:09:09;;-0,036166;8,21;;0,048099;20,84871361;;0,185373;109,7209692;240,5522529
1;90;-2148;11:09:12;;-0,036157;8,21;;0,048065;20,78433989;;0,186475;110,3732352;241,9822809
1;91;-2095;11:09:20;;-0,036218;8,21;;0,047574;19,87656499;;0,197586;116,9497576;256,4006486
1;92;-2095;11:09:23;;-0,036221;8,21;;0,047623;19,96534748;;0,198111;117,2605014;257,0819233
1;93;-2095;11:09:26;;-0,036139;8,21;;0,047867;20,4133872;;0,201846;119,4712215;261,9287061
1;94;-2095;11:09:30;;-0,036118;8,21;;0,047971;20,60739799;;0,211212;125,0148908;274,0826465
1;95;-2095;11:09:33;;-0,036136;8,21;;0,047736;20,1716055;;0,223596;132,3448929;290,1529432
1;96;-2050;11:09:41;;-0,03627;8,21;;0,048013;20,6862702;;0,195822;115,9056585;254,1115657
1;97;-2050;11:09:44;;-0,036322;8,21;;0,04808;20,81271552;;0,214044;126,6911316;277,7576369
1;98;-2050;11:09:48;;-0,036221;8,21;;0,048187;21,01625532;;0,210028;124,3140895;272,5462099
1;99;-2050;11:09:51;;-0,036209;8,21;;0,048065;20,78433989;;0,164993;97,65819118;214,1058183
1;100;-2050;11:09:54;;-0,03624;8,21;;0,047678;20,06547377;;0,154156;91,24384743;200,0430111
1;101;-1998;11:10:02;;-0,03623;8,21;;0,04794;20,54937574;;0,159427;94,36371509;206,883009
1;102;-1998;11:10:05;;-0,036276;8,21;;0,047763;20,22120295;;0,14762;87,3752352;191,5614657
1;103;-1998;11:10:09;;-0,036172;8,21;;0,04823;21,0986113;;0,14877;88,05591208;193,0537816
1;104;-1998;11:10:12;;-0,036053;8,21;;0,048016;20,69191547;;0,148196;87,71616553;192,3089213
1;105;-1998;11:10:15;;-0,036111;8,21;;0,047961;20,58866326;;0,147028;87,02483458;190,7932473
1;106;-1947;11:10:23;;-0,036234;8,21;;0,047632;19,98169753;;0,148511;87,90261181;192,7176861
1;107;-1947;11:10:27;;-0,036243;8,21;;0,048276;21,18707036;;0,150653;89,17044647;195,4972869
1;108;-1947;11:10:30;;-0,036304;8,21;;0,048108;20,86578706;;0,156458;92,60638497;203,0302384
1;109;-1947;11:10:33;;-0,036206;8,21;;0,048401;21,42932598;;0,148743;88,03993097;193,0187447
1;110;-1947;11:10:36;;-0,036166;8,21;;0,048007;20,67498429;;0,146866;86,92894793;190,5830254
1;111;-1897;11:10:44;;-0,036502;8,22;;0,048196;21,03346597;;0,146432;86,67206639;190,0198384
1;112;-1897;11:10:48;;-0,036661;8,22;;0,047934;20,53816452;;0,146564;86,75019626;190,1911303
1;113;-1897;11:10:51;;-0,036835;8,22;;0,048233;21,10436909;;0,146826;86,90527221;190,5311188
1;114;-1897;11:10:54;;-0,03703;8,23;;0,048065;20,78433989;;0,147397;87,24324307;191,2720861
1;115;-1897;11:10:57;;-0,037173;8,23;;0,048007;20,67498429;;0,15314;90,64248421;198,7245824
1;116;-1848;11:11:06;;-0,037936;8,24;;0,04776;20,21568611;;0,182556;108,0536068;236,8967276
1;117;-1848;11:11:09;;-0,038126;8,25;;0,048227;21,09285507;;0,188757;111,7239349;244,9435549
1;118;-1848;11:11:12;;-0,038406;8,25;;0,048291;21,21599582;;0,201239;119,1119425;261,1410228
1;119;-1848;11:11:15;;-0,038736;8,26;;0,048181;21,00478937;;0,202005;119,5653325;262,135035
1;120;-1848;11:11:18;;-0,039224;8,27;;0,048193;21,02772752;;0,167377;99,06926393;217,1994542
1;121;-1799;11:11:27;;-0,040622;8,29;;0,047571;19,87114217;;0,160715;95,1260732;208,5544029
1;122;-1799;11:11:30;;-0,040924;8,30;;0,04761;19,94175437;;0,161215;95,42201966;209,2032359
1;123;-1799;11:11:33;;-0,041119;8,30;;0,047763;20,22120295;;0,161688;95,70198502;209,817032
1;124;-1799;11:11:36;;-0,041324;8,31;;0,048129;20,90567951;;0,165076;97,70731829;214,2135246
1;125;-1799;11:11:40;;-0,041354;8,31;;0,047607;19,93631376;;0,174985;103,5723854;227,0720977
1;126;-1747;11:11:48;;-0,041684;8,31;;0,048193;21,02772752;;0,205963;121,9080448;267,2711973
1;127;-1747;11:11:51;;-0,041721;8,31;;0,047641;19,99806096;;0,209344;123,9092348;271,6586063
1;128;-1747;11:11:54;;-0,041754;8,31;;0,047729;20,15876677;;0,207309;122,7047327;269,0178559
1;129;-1747;11:11:58;;-0,041776;8,31;;0,04794;20,54937574;;0,192697;114,0559931;250,0563592
1;130;-1747;11:12:01;;-0,041867;8,32;;0,048022;20,70321063;;0,185434;109,7570747;240,6314105
1;131;-1698;11:12:09;;-0,042694;8,33;;0,047794;20,27829859;;0,162875;96,40456194;211,3573616
1;132;-1698;11:12:12;;-0,042886;8,33;;0,048148;20,9418384;;0,155362;91,95767031;201,6079964
1;133;-1698;11:12:15;;-0,043008;8,34;;0,048148;20,9418384;;0,158148;93,60668403;205,2232941
1;134;-1698;11:12:19;;-0,043073;8,34;;0,047766;20,2267213;;0,158871;94,03462262;206,1615066
1;135;-1698;11:12:22;;-0,043063;8,34;;0,047812;20,31152484;;0,155484;92,02988125;201,7663116
1;136;-1648;11:12:30;;-0,043839;8,35;;0,048175;20,99332968;;0,155341;91,94524056;201,5807454
1;137;-1648;11:12:33;;-0,044046;8,36;;0,047711;20,1257904;;0,158307;93,70079501;205,429623
1;138;-1648;11:12:37;;-0,044238;8,36;;0,048279;21,1928523;;0,160892;95,23083825;208,7840898
1;139;-1648;11:12:40;;-0,044397;8,36;;0,047739;20,17711031;;0,163885;97,0023738;212,6680043
1;140;-1648;11:12:43;;-0,044537;8,37;;0,048074;20,80136062;;0,172849;102,3081021;224,300283
1;141;-1599;11:12:51;;-0,045325;8,38;;0,048215;21,06984588;;0,202545;119,8849547;262,8357747
1;142;-1599;11:12:54;;-0,045468;8,38;;0,048077;20,8070373;;0,196075;116,0554074;254,4398752
1;143;-1599;11:12:58;;-0,045413;8,38;;0,048221;21,08134734;;0,167847;99,34745361;217,8093573
1;144;-1599;11:13:01;;-0,045502;8,38;;0,048001;20,66370453;;0,154941;91,70848338;201,061679
1;145;-1599;11:13:04;;-0,045517;8,38;;0,047723;20,14776865;;0,150891;89,31131699;195,8061314
1;146;-1548;11:13:12;;-0,046005;8,39;;0,048035;20,72770462;;0,147443;87,27047015;191,3317788
1;147;-1548;11:13:16;;-0,046097;8,39;;0,048264;21,16395839;;0,147296;87,18346189;191,1410218
1;148;-1548;11:13:19;;-0,046124;8,39;;0,048108;20,86578706;;0,147269;87,16748078;191,1059849
1;149;-1548;11:13:22;;-0,046274;8,40;;0,047656;20,02536314;;0,146994;87,00471022;190,7491267
1;150;-1548;11:13:25;;-0,046344;8,40;;0,04826;21,15626001;;0,147314;87,19411596;191,1643798
1;151;-1500;11:13:34;;-0,047253;8,41;;0,047641;19,99806096;;0,149341;88,39388294;193,794749
1;152;-1500;11:13:37;;-0,047482;8,42;;0,048206;21,05260545;;0,147476;87,29000262;191,3746017
1;153;-1500;11:13:40;;-0,047757;8,42;;0,04772;20,14227183;;0,14509;85,87774607;188,2783705
1;154;-1500;11:13:43;;-0,047824;8,43;;0,047998;20,65806696;;0,145447;86,08905185;188,7416373
1;155;-1500;11:13:47;;-0,047882;8,43;;0,048309;21,2507585;;0,146558;86,7466449;190,1833443
1;156;-1447;11:13:55;;-0,048816;8,44;;0,048206;21,05260545;;0,148917;88,14292034;193,2445385
1;157;-1447;11:13:58;;-0,049103;8,45;;0,048175;20,99332968;;0,150458;89,05502735;195,244242
1;158;-1447;11:14:01;;-0,04921;8,45;;0,047644;20,00351842;;0,152191;90,08077781;197,4930973
1;159;-1447;11:14:05;;-0,049426;8,45;;0,048029;20,7163961;;0,15304;90,58329491;198,5948158
1;160;-1447;11:14:08;;-0,049551;8,46;;0,047928;20,5269594;;0,149451;88,45899117;193,9374922
1;161;-1396;11:14:16;;-0,051398;8,49;;0,04827;21,17551122;;0,14852;87,90793884;192,7293651
1;162;-1396;11:14:19;;-0,051923;8,50;;0,047989;20,64116348;;0,149631;88,56553189;194,1710721
1;163;-1396;11:14:23;;-0,051993;8,50;;0,047742;20,18261663;;0,15148;89,65994193;196,5704567
1;164;-1396;11:14:26;;-0,052023;8,50;;0,04827;21,17551122;;0,155206;91,86533501;201,4055605
1;165;-1396;11:14:29;;-0,051996;8,50;;0,048297;21,22757706;;0,161743;95,73453913;209,8884036
1;166;-1349;11:14:37;;-0,05274;8,52;;0,048236;21,11012846;;0,197772;117,0598497;256,6420145
1;167;-1349;11:14:40;;-0,052817;8,52;;0,048141;20,92850943;;0,209122;123,7778345;271,3705245
1;168;-1349;11:14:44;;-0,052988;8,52;;0,047852;20,385556;;0,21795;129,0030654;282,8263205
1;169;-1349;11:14:47;;-0,052969;8,52;;0,048276;21,18707036;;0,225101;133,2356918;292,1059306
1;170;-1349;11:14:50;;-0,05304;8,52;;0,048126;20,89997592;;0,228531;135,2658845;296,5569253
1;171;-1296;11:14:58;;-0,053741;8,53;;0,048077;20,8070373;;0,231741;137,1658609;300,7224334
1;172;-1296;11:15:02;;-0,053854;8,54;;0,047696;20,0983513;;0,225861;133,6855304;293,0921568
1;173;-1296;11:15:05;;-0,053934;8,54;;0,047742;20,18261663;;0,215823;127,7441091;280,0661848
1;174;-1296;11:15:08;;-0,053946;8,54;;0,047672;20,05452654;;0,201151;119,059856;261,0268282
1;175;-1296;11:15:11;;-0,053949;8,54;;0,047742;20,18261663;;0,184531;109,2225954;239,4596181
1;176;-1248;11:15:20;;-0,054398;8,55;;0,048157;20,95898811;;0,170145;100,7076236;220,7913939
1;177;-1248;11:15:23;;-0,054483;8,55;;0,047833;20,35035762;;0,167047;98,87393927;216,7712244
1;178;-1248;11:15:26;;-0,05455;8,55;;0,048111;20,87148132;;0,158194;93,6339111;205,2829867
1;179;-1248;11:15:29;;-0,05463;8,55;;0,048181;21,00478937;;0,152383;90,19442125;197,7422492
1;180;-1248;11:15:33;;-0,054688;8,55;;0,048184;21,01052156;;0,152457;90,23822133;197,8382764
1;181;-1198;11:15:41;;-0,055222;8,56;;0,047668;20,04723171;;0,155984;92,32582772;202,4151447
1;182;-1198;11:15:44;;-0,055264;8,56;;0,047971;20,60739799;;0,15528;91,90913509;201,5015878
1;183;-1198;11:15:47;;-0,055255;8,56;;0,048221;21,08134734;;0,157932;93,47883515;204,9429982
1;184;-1198;11:15:51;;-0,055371;8,56;;0,04826;21,15626001;;0,156961;92,90410711;203,6829644
1;185;-1198;11:15:54;;-0,055423;8,57;;0,047858;20,39668393;;0,155798;92,21573563;202,1737788
1;186;-1148;11:16:02;;-0,055365;8,56;;0,048221;21,08134734;;0,162735;96,32169693;211,1756883
1;187;-1148;11:16:05;;-0,055078;8,56;;0,048245;21,12741599;;0,162769;96,34182129;211,219809
1;188;-1148;11:16:09;;-0,055331;8,56;;0,048376;21,38065427;;0,160309;94,88576466;208,0275504
1;189;-1148;11:16:12;;-0,055414;8,56;;0,048309;21,2507585;;0,160349;94,90944038;208,0794571
1;190;-1148;11:16:15;;-0,055249;8,56;;0,048254;21,14471768;;0,162381;96,11216683;210,7163146
1;191;-1096;11:16:23;;-0,054929;8,56;;0,048276;21,18707036;;0,16799;99,4320943;217,9949236
1;192;-1096;11:16:27;;-0,054849;8,55;;0,048312;21,25655782;;0,169061;100,0660116;219,3847239
1;193;-1096;11:16:30;;-0,054791;8,55;;0,047778;20,24880977;;0,170044;100,6478424;220,6603297
1;194;-1096;11:16:33;;-0,054752;8,55;;0,048199;21,03920599;;0,17124;101,3557463;222,2123383
1;195;-1096;11:16:36;;-0,054865;8,55;;0,047781;20,25433565;;0,172369;102,0239935;223,6774033
1;196;-1049;11:16:45;;-0,054715;8,55;;0,047998;20,65806696;;0,19205;113,6730383;249,2167693
1;197;-1049;11:16:48;;-0,054846;8,55;;0,048108;20,86578706;;0,204565;121,0805784;265,4570602
1;198;-1049;11:16:51;;-0,054831;8,55;;0,047742;20,18261663;;0,215637;127,634017;279,8248189
1;199;-1049;11:16:54;;-0,054868;8,55;;0,047989;20,64116348;;0,22337;132,2111251;289,8596707
1;200;-1049;11:16:58;;-0,054913;8,56;;0,048029;20,7163961;;0,228839;135,4481876;296,9566064
1;201;-998;11:17:06;;-0,054837;8,55;;0,048206;21,05260545;;0,245499;145,3091239;318,5757232
1;202;-998;11:17:09;;-0,054813;8,55;;0,04776;20,21568611;;0,244281;144,5881983;316,9951659
1;203;-998;11:17:12;;-0,054782;8,55;;0,048318;21,2681612;;0,245435;145,2712427;318,4926726
1;204;-998;11:17:16;;-0,054758;8,55;;0,04787;20,418958;;0,250858;148,4810781;325,5299157
1;205;-998;11:17:19;;-0,054739;8,55;;0,047986;20,63553206;;0,261914;155,0250464;339,8769118
1;206;-948;11:17:27;;-0,054575;8,55;;0,04798;20,62427382;;0,276157;163,4553775;358,3595696
1;207;-948;11:17:30;;-0,054517;8,55;;0,047974;20,61302173;;0,27912;165,2091563;362,2045542
1;208;-948;11:17:34;;-0,054443;8,55;;0,047919;20,5101632;;0,280496;166,023601;363,9901427
1;209;-948;11:17:37;;-0,054437;8,55;;0,04827;21,17551122;;0,281494;166,6143101;365,2852135
1;210;-948;11:17:40;;-0,05448;8,55;;0,048334;21,29913452;;0,283865;168,0176883;368,3619797
1;211;-898;11:17:48;;-0,054178;8,54;;0,048251;21,13894887;;0,292023;172,8463508;378,9483395
1;212;-898;11:17:52;;-0,054153;8,54;;0,048056;20,76733308;;0,293497;173,718801;380,8610993
1;213;-898;11:17:55;;-0,054019;8,54;;0,047836;20,35591121;;0,295459;174,880095;383,4071202
1;214;-898;11:17:58;;-0,05408;8,54;;0,047729;20,15876677;;0,297818;176,2763704;386,4683144
1;215;-898;11:18:01;;-0,054083;8,54;;0,04834;21,31076114;;0,299243;177,1198178;388,3174886
1;216;-848;11:18:10;;-0,05372;8,53;;0,048322;21,2759003;;0,303671;179,7407197;394,063554
1;217;-848;11:18:13;;-0,053699;8,53;;0,047922;20,51576041;;0,303897;179,8744875;394,3568265
1;218;-848;11:18:16;;-0,053467;8,53;;0,0479;20,47474966;;0,303711;179,7643955;394,1154606
1;219;-848;11:18:20;;-0,053461;8,53;;0,048212;21,0640975;;0,302756;179,1991377;392,8761895
1;220;-848;11:18:23;;-0,053421;8,53;;0,047775;20,24328539;;0,301285;178,3284632;390,9673227
1;221;-799;11:18:31;;-0,053195;8,52;;0,047916;20,50456752;;0,3099;183,4276208;402,1467159
1;222;-799;11:18:34;;-0,052988;8,52;;0,048349;21,32821297;;0,309882;183,4169668;402,1233579
1;223;-799;11:18:38;;-0,052905;8,52;;0,048361;21,35150432;;0,313049;185,2914917;406,2330664
1;224;-799;11:18:41;;-0,052844;8,52;;0,04834;21,31076114;;0,311563;184,4119388;404,3047346
1;225;-799;11:18:44;;-0,05278;8,52;;0,048019;20,69756228;;0,310727;183,9171163;403,2198858
1;226;-747;11:18:52;;-0,052185;8,51;;0,048282;21,19863581;;0,32092;189,950281;416,446996
1;227;-747;11:18:56;;-0,052087;8,50;;0,048172;20,98760218;;0,320804;189,8816214;416,2964668
1;228;-747;11:18:59;;-0,051956;8,50;;0,048022;20,70321063;;0,319458;189,0849335;414,5498083
1;229;-747;11:19:02;;-0,051895;8,50;;0,0478;20,28936796;;0,31785;188,1331697;412,4631612
1;230;-747;11:19:06;;-0,051859;8,50;;0,047778;20,24880977;;0,318039;188,2450374;412,7084201
1;231;-699;11:19:14;;-0,05127;8,49;;0,047821;20,32815838;;0,324603;192,1302227;421,2263002
1;232;-699;11:19:17;;-0,051044;8,48;;0,048184;21,01052156;;0,3276;193,9041258;425,1154054
1;233;-699;11:19:20;;-0,051031;8,48;;0,047739;20,17711031;;0,329855;195,2388444;428,0416424
1;234;-699;11:19:24;;-0,050861;8,48;;0,047778;20,24880977;;0,331271;196,0769648;429,8791376
1;235;-699;11:19:27;;-0,050909;8,48;;0,04808;20,81271552;;0,331256;196,0680864;429,8596726
1;236;-648;11:19:35;;-0,050381;8,47;;0,047925;20,52135914;;0,340302;201,4223499;441,5983599
1;237;-648;11:19:38;;-0,050256;8,47;;0,047775;20,24328539;;0,341791;202,3036785;443,5305847
1;238;-648;11:19:42;;-0,050208;8,47;;0,047992;20,64679643;;0,342404;202,6665088;444,326054
1;239;-648;11:19:45;;-0,050034;8,47;;0,048077;20,8070373;;0,343015;203,0281554;445,1189279
1;240;-648;11:19:48;;-0,05004;8,47;;0,047925;20,52135914;;0,344235;203,7502648;446,7020805
1;241;-597;11:19:56;;-0,049408;8,45;;0,047739;20,17711031;;0,351175;207,8580018;455,7078831
1;242;-597;11:20:00;;-0,049384;8,45;;0,047894;20,46357915;;0,352512;208,6493626;457,4428626
1;243;-597;11:20:03;;-0,049219;8,45;;0,04794;20,54937574;;0,3534;209,1749636;458,5951901
1;244;-597;11:20:06;;-0,049118;8,45;;0,048297;21,22757706;;0,354443;209,7923079;459,9486558
1;245;-597;11:20:10;;-0,049066;8,45;;0,047809;20,30598335;;0,354913;210,0704976;460,5585589
1;246;-549;11:20:18;;-0,04852;8,44;;0,047961;20,58866326;;0,361542;213,9941558;469,1607873
1;247;-549;11:20:21;;-0,048343;8,43;;0,047794;20,27829859;;0,362292;214,4380755;470,1340368
1;248;-549;11:20:24;;-0,048279;8,43;;0,048273;21,18129;;0,362448;214,5304108;470,3364727
1;249;-549;11:20:28;;-0,048135;8,43;;0,048334;21,29913452;;0,363028;214,8737087;471,089119
1;250;-549;11:20:31;;-0,048032;8,43;;0,048032;20,72204959;;0,364117;215,5182801;472,5022774
1;251;-499;11:20:39;;-0,047513;8,42;;0,04787;20,418958;;0,371689;220,0000935;482,3282049
1;252;-499;11:20:43;;-0,047305;8,42;;0,048178;20,99905874;;0,372296;220,3593725;483,1158882
1;253;-499;11:20:46;;-0,04722;8,41;;0,047955;20,5774306;;0,372934;220,7370002;483,9437992
1;254;-499;11:20:49;;-0,04707;8,41;;0,047751;20,1991446;;0,373886;221,3004822;485,1791773
1;255;-499;11:20:52;;-0,046805;8,41;;0,047781;20,25433565;;0,379248;224,4742122;492,1372627
1;256;-448;11:21:01;;-0,046109;8,39;;0,04794;20,54937574;;0,377542;223,4644428;489,9234444
1;257;-448;11:21:04;;-0,045847;8,39;;0,04769;20,08738614;;0,373636;221,152509;484,8547607
1;258;-448;11:21:07;;-0,045749;8,39;;0,048053;20,76166724;;0,371811;220,0723044;482,4865202
1;259;-448;11:21:11;;-0,045493;8,38;;0,047723;20,14776865;;0,368878;218,3362824;478,6804656
1;260;-448;11:21:14;;-0,045401;8,38;;0,047925;20,52135914;;0,368256;217,968125;477,8733173
1;261;-399;11:21:22;;-0,044626;8,37;;0,047812;20,31152484;;0,36546;216,3131924;474,2450429
1;262;-399;11:21:25;;-0,044321;8,36;;0,048285;21,2044209;;0,365485;216,3279897;474,2774846
1;263;-399;11:21:29;;-0,044095;8,36;;0,0483;21,23337005;;0,3677;217,6390325;477,1518149
1;264;-399;11:21:32;;-0,043961;8,35;;0,047864;20,40781792;;0,367859;217,7331435;477,3581438
1;265;-399;11:21:35;;-0,043784;8,35;;0,047781;20,25433565;;0,368387;218,045663;478,0433115
1;266;-348;11:21:43;;-0,042819;8,33;;0,048294;21,22178565;;0,370743;219,4401627;481,1006128
1;267;-348;11:21:47;;-0,04259;8,33;;0,048093;20,83733907;;0,371259;219,7455795;481,7702085
1;268;-348;11:21:50;;-0,042398;8,33;;0,047794;20,27829859;;0,371851;220,0959801;482,5384268
1;269;-348;11:21:53;;-0,042291;8,32;;0,048273;21,18129;;0,372607;220,5434512;483,5194623
1;270;-348;11:21:57;;-0,042123;8,32;;0,047891;20,45799617;;0,373111;220,8417652;484,1734861
1;271;-296;11:22:05;;-0,041214;8,30;;0,048312;21,25655782;;0,374655;221,7556479;486,1770825
1;272;-296;11:22:08;;-0,040948;8,30;;0,048264;21,16395839;;0,375833;222,4528978;487,7057331
1;273;-296;11:22:11;;-0,040771;8,30;;0,047818;20,32261235;;0,375476;222,241592;487,2424663
1;274;-296;11:22:15;;-0,040588;8,29;;0,047742;20,18261663;;0,376105;222,6138927;488,0586983
1;275;-296;11:22:18;;-0,040506;8,29;;0,047794;20,27829859;;0,376025;222,5665412;487,954885
1;276;-248;11:22:26;;-0,039569;8,27;;0,048212;21,0640975;;0,375748;222,4025869;487,5954315
1;277;-248;11:22:30;;-0,039426;8,27;;0,048306;21,24496077;;0,376154;222,6428954;488,1222839
1;278;-248;11:22:33;;-0,039224;8,27;;0,047754;20,20465693;;0,37674;222,9897447;488,8827162
1;279;-248;11:22:36;;-0,039081;8,26;;0,047778;20,24880977;;0,376901;223,0850394;489,0916405
1;280;-248;11:22:39;;-0,038992;8,26;;0,048236;21,11012846;;0,377463;223,4176833;489,8209288
1;281;-199;11:22:48;;-0,038135;8,25;;0,048071;20,79568549;;0,37717;223,2442586;489,4407126
1;282;-199;11:22:51;;-0,037973;8,24;;0,048306;21,24496077;;0,37775;223,5875565;490,193359
1;283;-199;11:22:54;;-0,037793;8,24;;0,048245;21,12741599;;0,378268;223,8941571;490,86555
1;284;-199;11:22:58;;-0,037714;8,24;;0,04805;20,75600294;;0,378882;224,2575793;491,662317
1;285;-199;11:23:01;;-0,037619;8,24;;0,047821;20,32815838;;0,379211;224,4523121;492,0892491
1;286;-149;11:23:09;;-0,036826;8,22;;0,047864;20,40781792;;0,377368;223,3614534;489,6976505
1;287;-149;11:23:12;;-0,036563;8,22;;0,048184;21,01052156;;0,377536;223,4608915;489,9156584
1;288;-149;11:23:16;;-0,036456;8,22;;0,048166;20,97615187;;0,377762;223,5946593;490,208931
1;289;-149;11:23:19;;-0,036292;8,21;;0,04819;21,02199064;;0,37771;223,5638808;490,1414523
1;290;-149;11:23:22;;-0,036255;8,21;;0,047778;20,24880977;;0,378854;224,2410063;491,6259823
1;291;-98;11:23:31;;-0,035504;8,20;;0,04819;21,02199064;;0,373035;220,7967813;484,0748634
1;292;-98;11:23:34;;-0,035251;8,19;;0,048141;20,92850943;;0,374377;221,5911017;485,8163313
1;293;-98;11:23:37;;-0,034961;8,19;;0,047839;20,36146633;;0,376218;222,6807766;488,2053345
1;294;-98;11:23:41;;-0,034879;8,19;;0,048062;20,7786694;;0,377304;223,3235723;489,6145999
1;295;-98;11:23:44;;-0,034732;8,18;;0,047943;20,55498365;;0,377502;223,4407671;489,8715378
1;296;-47;11:23:52;;-0,033951;8,17;;0,048135;20,91709136;;0,376169;222,6517738;488,1417489
1;297;-47;11:23:55;;-0,033743;8,17;;0,047787;20,26539195;;0,376062;222,5884413;488,0028986
1;298;-47;11:23:59;;-0,033539;8,16;;0,048224;21,08710042;;0,375522;222,2688191;487,302159
1;299;-47;11:24:02;;-0,033481;8,16;;0,04783;20,34480554;;0,375162;222,0557376;486,8349992
1;300;-47;11:24:05;;-0,033344;8,16;;0,047763;20,22120295;;0,374942;221,9255212;486,5495126
1;301;0;11:24:14;;-0,032645;8,15;;0,048193;21,02772752;;0,368463;218,0906468;478,1419341
1;302;0;11:24:17;;-0,032361;8,14;;0,047769;20,23224116;;0,368564;218,150428;478,2729984
1;303;0;11:24:20;;-0,032141;8,14;;0,047928;20,5269594;;0,368732;218,249866;478,4910063
1;304;0;11:24:23;;-0,031976;8,13;;0,048154;20,95326998;;0,368298;217,9929845;477,9278192
1;305;0;11:24:27;;-0,031808;8,13;;0,04823;21,0986113;;0,368198;217,9337952;477,7980526
1;306;49;11:24:35;;-0,031009;8,12;;0,047824;20,33370592;;0,359592;212,8399646;466,6303384
1;307;49;11:24:38;;-0,03082;8,11;;0,04772;20,14227183;;0,35874;212,3356718;465,5247269
1;308;49;11:24:42;;-0,030609;8,11;;0,048239;21,1158894;;0,35845;212,1640229;465,1484038
1;309;49;11:24:45;;-0,030542;8,11;;0,04762;19,95990044;;0,357434;211,5626597;463,829975
1;310;49;11:24:48;;-0,030438;8,11;;0,048026;20,71074416;;0,35675;211,1578049;462,9423714
1;311;100;11:24:56;;-0,029819;8,09;;0,048239;21,1158894;;0,348221;206,10955;451,8745775
1;312;100;11:25:00;;-0,029614;8,09;;0,04837;21,36898952;;0,34877;206,4344993;452,5869962
1;313;100;11:25:03;;-0,029468;8,09;;0,048029;20,7163961;;0,34982;207,0559868;453,9495456
1;314;100;11:25:06;;-0,029465;8,09;;0,047696;20,0983513;;0,350635;207,5383796;455,0071434
1;315;100;11:25:10;;-0,029471;8,09;;0,048239;21,1158894;;0,349442;206,8322513;453,4590278
1;316;150;11:25:18;;-0,029031;8,08;;0,047736;20,1716055;;0,343359;203,2317666;445,5653251
1;317;150;11:25:21;;-0,028778;8,08;;0,047827;20,33925497;;0,344406;203,8514785;446,9239814
1;318;150;11:25:25;;-0,028574;8,07;;0,047876;20,43010416;;0,344492;203,9023813;447,0355807
1;319;150;11:25:28;;-0,0285;8,07;;0,048007;20,67498429;;0,344571;203,9491408;447,1380963
1;320;150;11:25:31;;-0,028357;8,07;;0,048099;20,84871361;;0,344662;204,0030031;447,2561839
1;321;202;11:25:40;;-0,027841;8,06;;0,048117;20,8828745;;0,335342;198,4865609;435,1619362
1;322;202;11:25:43;;-0,027658;8,05;;0,0479;20,47474966;;0,334836;198,1870631;434,5053171
1;323;202;11:25:46;;-0,027621;8,05;;0,047821;20,32815838;;0,334549;198,0171898;434,132887
1;324;202;11:25:50;;-0,027625;8,05;;0,047906;20,48592627;;0,334445;197,955633;433,9979297
1;325;202;11:25:53;;-0,027588;8,05;;0,048306;21,24496077;;0,334445;197,955633;433,9979297
1;326;250;11:26:01;;-0,027298;8,05;;0,048068;20,79001192;;0,326102;193,0174702;423,1715016
1;327;250;11:26:05;;-0,027188;8,05;;0,047971;20,60739799;;0,326343;193,1601164;423,4842392
1;328;250;11:26:08;;-0,027133;8,05;;0,047702;20,10932245;;0,326218;193,0861298;423,3220309
1;329;250;11:26:11;;-0,027023;8,04;;0,047913;20,49897336;;0,326306;193,1382163;423,4362255
1;330;250;11:26:14;;-0,027051;8,04;;0,047861;20,40225017;;0,326337;193,156565;423,4764532
1;331;299;11:26:23;;-0,026538;8,03;;0,047699;20,10383613;;0,317987;188,214259;412,6409415
1;332;299;11:26:26;;-0,026453;8,03;;0,048029;20,7163961;;0,317972;188,2053806;412,6214765
1;333;299;11:26:29;;-0,026459;8,03;;0,047937;20,54376936;;0,317758;188,0787155;412,3437759
1;334;299;11:26:33;;-0,026517;8,03;;0,047894;20,46357915;;0,317642;188,0100559;412,1932467
1;335;299;11:26:36;;-0,026562;8,03;;0,048248;21,13318164;;0,317642;188,0100559;412,1932467
1;336;351;11:26:44;;-0,026144;8,03;;0,047626;19,97079601;;0,308405;182,5427409;400,2067052
1;337;351;11:26:48;;-0,026047;8,03;;0,047565;19,86030097;;0,308542;182,6238302;400,3844854
1;338;351;11:26:51;;-0,025854;8,02;;0,048093;20,83733907;;0,308844;182,8025819;400,7763806
1;339;351;11:26:54;;-0,025589;8,02;;0,04769;20,08738614;;0,309058;182,929247;401,0540811
1;340;351;11:26:58;;-0,025656;8,02;;0,04812;20,88857342;;0,30918;183,0014579;401,2123964
1;341;399;11:27:06;;-0,025504;8,02;;0,047766;20,2267213;;0,300278;177,732427;389,660573
1;342;399;11:27:09;;-0,025259;8,01;;0,048151;20,94755341;;0,300043;177,5933322;389,3556215
1;343;399;11:27:12;;-0,024884;8,00;;0,048218;21,07559582;;0,299634;177,351248;388,824876
1;344;399;11:27:16;;-0,024634;8,00;;0,047784;20,25986305;;0,299689;177,3838021;388,8962477
1;345;399;11:27:19;;-0,024619;8,00;;0,047992;20,64679643;;0,299936;177,5299996;389,2167712
1;346;450;11:27:27;;-0,024088;7,99;;0,04827;21,17551122;;0,290637;172,0259872;377,1497744
1;347;450;11:27:31;;-0,024026;7,99;;0,047809;20,30598335;;0,290491;171,9395708;376,9603151
1;348;450;11:27:34;;-0,023947;7,99;;0,047824;20,33370592;;0,290436;171,9070167;376,8889435
1;349;450;11:27:37;;-0,023804;7,98;;0,047968;20,60177578;;0,290543;171,9703493;377,0277938
1;350;450;11:27:41;;-0,023621;7,98;;0,047876;20,43010416;;0,290552;171,9756763;377,0394728
1;351;501;11:27:49;;-0,023077;7,97;;0,048291;21,21599582;;0,281122;166,3941259;364,8024817
1;352;501;11:27:52;;-0,022995;7,97;;0,048203;21,04686178;;0,280707;166,1484904;364,2639503
1;353;501;11:27:56;;-0,022925;7,97;;0,04801;20,68062648;;0,279779;165,5992137;363,0597162
1;354;501;11:27:59;;-0,022745;7,96;;0,047864;20,40781792;;0,279657;165,5270028;362,9014009
1;355;501;11:28:02;;-0,02258;7,96;;0,048108;20,86578706;;0,278821;165,0321803;361,8165521
1;356;550;11:28:10;;-0,021988;7,95;;0,047961;20,58866326;;0,271231;160,5397129;351,9672666
1;357;550;11:28:14;;-0,021774;7,95;;0,047556;19,84405026;;0,271118;160,472829;351,8206303
1;358;550;11:28:17;;-0,021591;7,94;;0,047787;20,26539195;;0,271329;160,5977184;352,0944378
1;359;550;11:28:20;;-0,0216;7,94;;0,048248;21,13318164;;0,271436;160,661051;352,2332881
1;360;550;11:28:24;;-0,021661;7,94;;0,047821;20,32815838;;0,271381;160,6284968;352,1619165
1;361;599;11:28:32;;-0,020959;7,93;;0,04809;20,83165413;;0,263016;155,6773124;341,3069398
1;362;599;11:28:35;;-0,020746;7,93;;0,047617;19,95445489;;0,262744;155,5163176;340,9539746
1;363;599;11:28:39;;-0,020706;7,93;;0,047797;20,28383252;;0,262662;155,4677823;340,847566
1;364;599;11:28:42;;-0,020596;7,93;;0,047656;20,02536314;;0,262952;155,6394313;341,2238891
1;365;599;11:28:45;;-0,020557;7,92;;0,047684;20,07642697;;0,263016;155,6773124;341,3069398
1;366;650;11:28:54;;-0,020096;7,92;;0,047916;20,50456752;;0,25369;150,1573189;329,204906
1;367;650;11:28:57;;-0,019983;7,91;;0,047665;20,04176233;;0,253336;149,9477888;328,7455322
1;368;650;11:29:00;;-0,019809;7,91;;0,048129;20,90567951;;0,253381;149,974424;328,8039272
1;369;650;11:29:04;;-0,019571;7,91;;0,048114;20,87717713;;0,253305;149,9294401;328,7053045
1;370;650;11:29:07;;-0,019366;7,90;;0,047668;20,04723171;;0,253513;150,0525539;328,9752191
1;371;700;11:29:15;;-0,018848;7,89;;0,048166;20,97615187;;0,245718;145,4387484;318,8599121
1;372;700;11:29:19;;-0,018814;7,89;;0,047595;19,91456618;;0,24556;145,3452293;318,6548808
1;373;700;11:29:22;;-0,018628;7,89;;0,048151;20,94755341;;0,245523;145,3233293;318,6068672
1;374;700;11:29:25;;-0,018549;7,89;;0,047769;20,23224116;;0,245737;145,4499944;318,8845677
1;375;700;11:29:29;;-0,018542;7,89;;0,047742;20,18261663;;0,245956;145,5796189;319,1687566
1;376;751;11:29:37;;-0,017969;7,88;;0,047964;20,59428189;;0,237289;140,4496829;307,9218847
1;377;751;11:29:40;;-0,017844;7,87;;0,048065;20,78433989;;0,236942;140,244296;307,4715946
1;378;751;11:29:44;;-0,017664;7,87;;0,047775;20,24328539;;0,236633;140,0614011;307,0706158
1;379;751;11:29:47;;-0,017435;7,87;;0,047702;20,10932245;;0,23638;139,9116522;306,7423063
1;380;751;11:29:50;;-0,017538;7,87;;0,04776;20,21568611;;0,235983;139,6766707;306,2271328
1;381;799;11:29:59;;-0,016959;7,86;;0,048279;21,1928523;;0,228357;135,1628952;296,3311314
1;382;799;11:30:02;;-0,016779;7,85;;0,047607;19,93631376;;0,227963;134,9296893;295,8198509
1;383;799;11:30:05;;-0,016595;7,85;;0,04812;20,88857342;;0,227905;134,8953596;295,7445863
1;384;799;11:30:09;;-0,016422;7,85;;0,047659;20,03082804;;0,227722;134,7870432;295,5071134
1;385;799;11:30:12;;-0,016193;7,84;;0,04761;19,94175437;;0,227725;134,7888188;295,5110064
1;386;852;11:30:20;;-0,015759;7,84;;0,047754;20,20465693;;0,219949;130,1862594;285,420355
1;387;852;11:30:24;;-0,015591;7,83;;0,047717;20,13677652;;0,220718;130,641425;286,4182602
1;388;852;11:30:27;;-0,015503;7,83;;0,047821;20,32815838;;0,22226;131,5541239;288,4192613
1;389;852;11:30:30;;-0,015417;7,83;;0,04754;19,81519293;;0,222403;131,6387646;288,6048276
1;390;852;11:30:34;;-0,015427;7,83;;0,047595;19,91456618;;0,224585;132,930275;291,4363349
1;391;898;11:30:42;;-0,01496;7,82;;0,04761;19,94175437;;0,22243;131,6547457;288,6398645
1;392;898;11:30:45;;-0,014609;7,82;;0,04812;20,88857342;;0,222418;131,647643;288,6242926
1;393;898;11:30:49;;-0,014484;7,81;;0,04809;20,83165413;;0,221579;131,1510448;287,5355507
1;394;898;11:30:52;;-0,014514;7,81;;0,047885;20,4468348;;0,221243;130,9521688;287,0995349
1;395;898;11:30:55;;-0,014429;7,81;;0,047995;20,65243093;;0,221365;131,0243798;287,2578502
1;396;950;11:31:04;;-0,013956;7,80;;0,047729;20,15876677;;0,212387;125,710365;275,6074042
1;397;950;11:31:07;;-0,013342;7,79;;0,047601;19,92543701;;0,211169;124,9894394;274,0268469
1;398;950;11:31:10;;-0,013077;7,79;;0,047684;20,07642697;;0,21019;124,4099762;272,7564318
1;399;950;11:31:14;;-0,012778;7,78;;0,047754;20,20465693;;0,209238;123,8464941;271,5210537
1;400;950;11:31:17;;-0,012656;7,78;;0,047665;20,04176233;;0,208514;123,4179636;270,5815435
1;401;1000;11:31:25;;-0,012134;7,77;;0,047992;20,64679643;;0,200595;118,7307635;260,3053259
1;402;1000;11:31:29;;-0,012033;7,77;;0,048093;20,83733907;;0,199817;118,2702708;259,2957416
1;403;1000;11:31:32;;-0,011963;7,77;;0,047906;20,48592627;;0,199246;117,9322999;258,5547743
1;404;1000;11:31:35;;-0,011911;7,77;;0,047977;20,61864701;;0,198764;117,6470075;257,9292993
1;405;1000;11:31:39;;-0,011868;7,76;;0,047873;20,42453032;;0,198483;117,4806856;257,5646551
1;406;1049;11:31:47;;-0,011606;7,76;;0,048123;20,89427389;;0,191956;113,6174004;249,0947887
1;407;1049;11:31:50;;-0,011575;7,76;;0,048102;20,85440321;;0,191446;113,315535;248,432979
1;408;1049;11:31:54;;-0,011475;7,76;;0,048087;20,82597074;;0,191489;113,3409864;248,4887786
1;409;1049;11:31:57;;-0,011407;7,76;;0,047534;19,80438225;;0,191159;113,1456617;248,0605488
1;410;1049;11:32:00;;-0,011383;7,76;;0,047449;19,65186312;;0,191028;113,0681238;247,8905545
1;411;1101;11:32:09;;-0,011203;7,75;;0,047733;20,16610218;;0,185056;109,5333391;240,1408927
1;412;1101;11:32:12;;-0,011029;7,75;;0,047464;19,67869265;;0,184821;109,3942443;239,8359412
1;413;1101;11:32:15;;-0,011072;7,75;;0,047427;19,61257929;;0,184583;109,2533738;239,5270967
1;414;1101;11:32:19;;-0,010928;7,75;;0,047687;20,08190581;;0,184457;109,1787953;239,3635908
1;415;1101;11:32:22;;-0,010913;7,75;;0,048007;20,67498429;;0,184622;109,2764576;239,5777057
1;416;1150;11:32:30;;-0,01058;7,74;;0,047577;19,88198929;;0,179434;106,2057171;232,8454141
1;417;1150;11:32:34;;-0,010468;7,74;;0,04754;19,81519293;;0,179129;106,0251897;232,4496259
1;418;1150;11:32:37;;-0,010315;7,74;;0,048029;20,7163961;;0,179544;106,2708253;232,9881574
1;419;1150;11:32:40;;-0,010352;7,74;;0,047885;20,4468348;;0,179858;106,4566797;233,3956245
1;420;1150;11:32:44;;-0,0103;7,74;;0,047714;20,13128271;;0,180377;106,7638721;234,0691132
1;421;1199;11:32:52;;-0,010052;7,73;;0,047845;20,3725811;;0,175436;103,8393291;227,6573451
1;422;1199;11:32:55;;-0,009979;7,73;;0,047879;20,43567952;;0,176917;104,7159225;229,5791886
1;423;1199;11:32:59;;-0,00997;7,73;;0,047421;19,60187916;;0,179437;106,2074927;232,8493071
1;424;1199;11:33:02;;-0,009824;7,73;;0,047604;19,93087464;;0,178766;105,8103326;231,9785732
1;425;1199;11:33:05;;-0,009854;7,73;;0,047504;19,75041728;;0,178003;105,3587183;230,9884539
1;426;1252;11:33:14;;-0,009644;7,72;;0,0474;19,56447464;;0,172803;102,280875;224,2405904
1;427;1252;11:33:17;;-0,009595;7,72;;0,047415;19,59118486;;0,172421;102,0547719;223,7448819
1;428;1252;11:33:20;;-0,009549;7,72;;0,047592;19,909133;;0,172354;102,0151151;223,6579383
1;429;1252;11:33:24;;-0,009485;7,72;;0,047568;19,86572083;;0,172363;102,0204421;223,6696173
1;430;1252;11:33:27;;-0,009366;7,72;;0,047421;19,60187916;;0,172034;101,8257093;223,2426852
1;431;1300;11:33:35;;-0,009155;7,71;;0,047897;20,46916364;;0,169153;100,1204658;219,5041092
1;432;1300;11:33:39;;-0,009125;7,71;;0,047916;20,50456752;;0,169272;100,190901;219,6585315
1;433;1300;11:33:42;;-0,009076;7,71;;0,047891;20,45799617;;0,169595;100,3820825;220,0776776
1;434;1300;11:33:46;;-0,008624;7,71;;0,04769;20,08738614;;0,169513;100,3335472;219,971269
1;435;1300;11:33:49;;-0,008252;7,70;;0,047815;20,31706784;;0,169473;100,3098715;219,9193623
1;436;1351;11:33:57;;-0,007858;7,69;;0,047913;20,49897336;;0,166251;98,40279249;215,7382823
1;437;1351;11:34:01;;-0,007791;7,69;;0,047458;19,66795645;;0,166202;98,37378973;215,6746966
1;438;1351;11:34:04;;-0,007736;7,69;;0,04747;19,68943472;;0,166333;98,45132771;215,8446909
1;439;1351;11:34:07;;-0,007642;7,69;;0,047382;19,53247043;;0,166861;98,76384718;216,5298586
1;440;1351;11:34:11;;-0,007706;7,69;;0,047876;20,43010416;;0,166937;98,80883104;216,6284812
1;441;1400;11:34:19;;-0,007541;7,69;;0,047919;20,5101632;;0,163666;96,87274925;212,3838155
1;442;1400;11:34:22;;-0,007523;7,68;;0,047568;19,86572083;;0,16358;96,82184646;212,2722162
1;443;1400;11:34:26;;-0,007422;7,68;;0,047809;20,30598335;;0,163785;96,94318451;212,5382377
1;444;1400;11:34:29;;-0,007376;7,68;;0,047379;19,52714149;;0,163989;97,06393067;212,8029616
1;445;1400;11:34:32;;-0,007367;7,68;;0,047891;20,45799617;;0,164139;97,15271461;212,9976115
1;446;1450;11:34:41;;-0,007117;7,68;;0,04743;19,61793155;;0,160709;95,12252184;208,5466169
1;447;1450;11:34:44;;-0,006952;7,67;;0,047348;19,47216082;;0,160739;95,14027863;208,5855469
1;448;1450;11:34:47;;-0,006943;7,67;;0,047357;19,48810698;;0,160687;95,10950019;208,5180682
1;449;1450;11:34:51;;-0,006726;7,67;;0,047849;20,37999432;;0,160782;95,16573002;208,6413465
1;450;1450;11:34:54;;-0,006619;7,67;;0,047379;19,52714149;;0,160812;95,18348681;208,6802765
1;451;1500;11:35:02;;-0,006531;7,67;;0,047726;20,15326696;;0,156781;92,79756639;203,4493845
1;452;1500;11:35:06;;-0,006537;7,67;;0,047601;19,92543701;;0,157025;92,94198826;203,7660151
1;453;1500;11:35:09;;-0,006503;7,67;;0,047818;20,32261235;;0,156845;92,83544753;203,5324352
1;454;1500;11:35:12;;-0,006491;7,67;;0,047354;19,48279014;;0,156851;92,83899889;203,5402212
1;455;1500;11:35:16;;-0,006464;7,67;;0,047739;20,17711031;;0,156387;92,56436057;202,9381041
1;456;1553;11:35:24;;-0,006262;7,66;;0,047327;19,43500382;;0,151819;89,86059364;197,0103655
1;457;1553;11:35:28;;-0,006284;7,66;;0,04726;19,31692864;;0,15152;89,68361765;196,6223633
1;458;1553;11:35:31;;-0,006161;7,66;;0,047836;20,35591121;;0,151349;89,58240396;196,4004624
1;459;1553;11:35:34;;-0,006104;7,66;;0,047592;19,909133;;0,151117;89,4450848;196,0994039
1;460;1553;11:35:38;;-0,00614;7,66;;0,047891;20,45799617;;0,150909;89,32197107;195,8294894
1;461;1599;11:35:46;;-0,006006;7,66;;0,047363;19,49874501;;0,146329;86,61110142;189,8861788
1;462;1599;11:35:49;;-0,005936;7,66;;0,047394;19,55380075;;0,14649;86,70639618;190,095103
1;463;1599;11:35:53;;-0,005862;7,65;;0,047369;19,50938885;;0,14696;86,98458586;190,705006
1;464;1599;11:35:56;;-0,005862;7,65;;0,047922;20,51576041;;0,146957;86,98281018;190,701113
1;465;1599;11:35:59;;-0,005801;7,65;;0,047778;20,24880977;;0,147455;87,27757287;191,3473507
1;466;1651;11:36:08;;-0,005688;7,65;;0,047592;19,909133;;0,142502;84,34592715;184,9200107
1;467;1651;11:36:11;;-0,005542;7,65;;0,047272;19,33802357;;0,142316;84,23583507;184,6786448
1;468;1651;11:36:14;;-0,005511;7,65;;0,047308;19,40144669;;0,142798;84,52112746;185,3041198
1;469;1651;11:36:18;;-0,005438;7,65;;0,047363;19,49874501;;0,142929;84,59866544;185,4741141
1;470;1651;11:36:21;;-0,005435;7,65;;0,047357;19,48810698;;0,143317;84,8283199;185,9776085
1;471;1700;11:36:29;;-0,005313;7,64;;0,047833;20,35035762;;0,138596;82,03399335;179,851327
1;472;1700;11:36:33;;-0,00517;7,64;;0,047308;19,40144669;;0,139078;82,31928574;180,4768021
1;473;1700;11:36:36;;-0,005142;7,64;;0,047327;19,43500382;;0,139224;82,40570211;180,6662613
1;474;1700;11:36:40;;-0,005066;7,64;;0,047772;20,23776252;;0,139392;82,50514012;180,8842692
1;475;1700;11:36:43;;-0,00509;7,64;;0,047797;20,28383252;;0,139389;82,50336444;180,8803762
1;476;1750;11:36:51;;-0,004886;7,64;;0,04744;19,63578296;;0,134756;79,76112447;174,8682893
1;477;1750;11:36:55;;-0,004831;7,64;;0,047681;20,07094962;;0,134726;79,74336768;174,8293593
1;478;1750;11:36:58;;-0,004834;7,64;;0,047916;20,50456752;;0,134482;79,59894581;174,5127288
1;479;1750;11:37:01;;-0,004797;7,63;;0,04791;20,49338074;;0,135092;79,9600005;175,3043051
1;480;1750;11:37:05;;-0,004749;7,63;;0,04758;19,88741507;;0,13504;79,92922207;175,2368265
1;481;1800;11:37:13;;-0,004514;7,63;;0,047855;20,39111921;;0,129666;76,74838943;168,263169
1;482;1800;11:37:16;;-0,004449;7,63;;0,047464;19,67869265;;0,129468;76,63119463;168,0062311
1;483;1800;11:37:20;;-0,004367;7,63;;0,047751;20,1991446;;0,126981;75,1591569;164,7789356
1;484;1800;11:37:23;;-0,00434;7,63;;0,047427;19,61257929;;0,129419;76,60219187;167,9426455
1;485;1800;11:37:27;;-0,004297;7,63;;0,047476;19,70018265;;0,129996;76,9437141;168,6913988
1;486;1851;11:37:35;;-0,004089;7,62;;0,047495;19,73425648;;0,12623;74,7146453;163,8043884
1;487;1851;11:37:38;;-0,003943;7,62;;0,04733;19,44030762;;0,128024;75,77650123;166,1324013
1;488;1851;11:37:42;;-0,003918;7,62;;0,0474;19,56447464;;0,12713;75,24734894;164,9722878
1;489;1851;11:37:45;;-0,003873;7,62;;0,047818;20,32261235;;0,126498;74,87327261;164,1521629
1;490;1851;11:37:48;;-0,003781;7,62;;0,04736;19,49342527;;0,126065;74,61698297;163,5902735
1;491;1901;11:37:57;;-0,003705;7,61;;0,047711;20,1257904;;0,120929;71,57702085;156,9254605
1;492;1901;11:38:00;;-0,003589;7,61;;0,047757;20,21017077;;0,120255;71,17808501;156,0508336
1;493;1901;11:38:03;;-0,003519;7,61;;0,047415;19,59118486;;0,119846;70,9360008;155,5200881
1;494;1901;11:38:07;;-0,003555;7,61;;0,047815;20,31706784;;0,119681;70,83833846;155,3059732
1;495;1901;11:38:10;;-0,003467;7,61;;0,047708;20,12029959;;0,120068;71,06740103;155,80817
1;496;1950;11:38:18;;-0,00332;7,61;;0,047421;19,60187916;;0,115433;68,32397727;149,7934878
1;497;1950;11:38:22;;-0,003253;7,61;;0,047333;19,44561287;;0,115613;68,430518;150,0270677
1;498;1950;11:38:25;;-0,003214;7,61;;0,047751;20,1991446;;0,116031;68,67792925;150,5694921
1;499;1950;11:38:29;;-0,003271;7,61;;0,047394;19,55380075;;0,116238;68,80045108;150,838109
1;500;1950;11:38:32;;-0,003336;7,61;;0,047339;19,4562277;;0,116016;68,66905085;150,5500271
1;501;2000;11:38:40;;-0,003156;7,60;;0,04769;20,08738614;;0,109366;64,73296283;141,9205477
1;502;2000;11:38:44;;-0,003125;7,60;;0,047314;19,41203742;;0,109192;64,62997346;141,6947538
1;503;2000;11:38:47;;-0,003101;7,60;;0,047934;20,53816452;;0,109235;64,65542485;141,7505535
1;504;2000;11:38:50;;-0,003085;7,60;;0,047638;19,992605;;0,108826;64,41334064;141,219808
1;505;2000;11:38:54;;-0,002997;7,60;;0,047852;20,385556;;0,108112;63,99072909;140,2932745
1;506;2051;11:39:02;;-0,002847;7,60;;0,047717;20,13677652;;0,102084;60,42279847;132,4709434
1;507;2051;11:39:06;;-0,002789;7,60;;0,047562;19,85488259;;0,102341;60,57491495;132,8044435
1;508;2051;11:39:09;;-0,002686;7,60;;0,047531;19,79897913;;0,102371;60,59267174;132,8433735
1;509;2051;11:39:12;;-0,002667;7,60;;0,047488;19,72169611;;0,102136;60,4535769;132,538422
1;510;2051;11:39:16;;-0,002603;7,59;;0,04729;19,36970917;;0,102069;60,41392008;132,4514784
1;511;2101;11:39:24;;-0,002518;7,59;;0,047513;19,76659131;;0,098328;58,1996486;127,5969096
1;512;2101;11:39:27;;-0,002414;7,59;;0,047354;19,48279014;;0,097504;57,71192882;126,5276328
1;513;2101;11:39:31;;-0,002393;7,59;;0,04733;19,44030762;;0,097809;57,89245617;126,9234209
1;514;2101;11:39:34;;-0,002328;7,59;;0,047443;19,64114155;;0,097189;57,52548255;126,1188679
1;515;2101;11:39:38;;-0,002267;7,59;;0,047891;20,45799617;;0,09649;57,11174939;125,2117994
1;516;2150;11:39:46;;-0,002127;7,59;;0,047641;19,99806096;;0,091797;54,33399584;119,1218525
1;517;2150;11:39:49;;-0,002023;7,58;;0,047601;19,92543701;;0,092004;54,45651768;119,3904694
1;518;2150;11:39:53;;-0,001956;7,58;;0,047501;19,74502887;;0,09238;54,67906942;119,8783918
1;519;2150;11:39:56;;-0,001993;7,58;;0,047345;19,46684833;;0,092456;54,72405328;119,9770144
1;520;2150;11:39:59;;-0,001855;7,58;;0,047821;20,32815838;;0,092303;54,63349366;119,7784715
1;521;2201;11:40:08;;-0,001688;7,58;;0,047778;20,24880977;;0,087366;51,71131824;113,3718941
1;522;2201;11:40:11;;-0,001749;7,58;;0,047849;20,37999432;;0,087198;51,61188023;113,1538862
1;523;2201;11:40:15;;-0,001666;7,58;;0,047897;20,46916364;;0,086874;51,42010691;112,7334424
1;524;2201;11:40:18;;-0,001569;7,58;;0,047412;19,5858399;;0,086264;51,05905222;111,9418661
1;525;2201;11:40:21;;-0,001559;7,58;;0,047772;20,23776252;;0,086011;50,90930331;111,6135566
1;526;2249;11:40:30;;-0,001483;7,57;;0,04762;19,95990044;;0,082178;48,64057769;106,6396025
1;527;2249;11:40:33;;-0,001352;7,57;;0,047363;19,49874501;;0,082233;48,6731318;106,7109742
1;528;2249;11:40:36;;-0,001331;7,57;;0,047668;20,04723171;;0,082053;48,56659107;106,4773943
1;529;2249;11:40:40;;-0,001358;7,57;;0,047928;20,5269594;;0,08161;48,3043825;105,9025282
1;530;2249;11:40:43;;-0,001309;7,57;;0,0478;20,28936796;;0,081122;48,01553875;105,2692671
1;531;2301;11:40:52;;-0,001212;7,57;;0,047864;20,40781792;;0,076013;44,99155774;98,63949118
1;532;2301;11:40:55;;-0,001099;7,57;;0,047849;20,37999432;;0,076062;45,02056049;98,70307682
1;533;2301;11:40:58;;-0,001111;7,57;;0,047879;20,43567952;;0,076047;45,0116821;98,68361183
1;534;2301;11:41:02;;-0,001099;7,57;;0,04744;19,63578296;;0,076028;45,00043613;98,65895618
1;535;2301;11:41:05;;-0,001083;7,57;;0,047385;19,53780083;;0,076077;45,02943889;98,72254181
1;536;2351;11:41:13;;-0,000864;7,56;;0,047525;19,7881773;;0,071384;42,25168534;92,63259493
1;537;2351;11:41:17;;-0,000909;7,56;;0,047833;20,35035762;;0,071384;42,25168534;92,63259493
1;538;2351;11:41:20;;-0,0009;7,56;;0,047775;20,24328539;;0,071167;42,12324457;92,3510014
1;539;2351;11:41:24;;-0,000876;7,56;;0,047562;19,85488259;;0,07095;41,9948038;92,06940786
1;540;2351;11:41:27;;-0,000803;7,56;;0,047943;20,55498365;;0,070856;41,93916587;91,94742725
1;541;2400;11:41:35;;-0,000723;7,56;;0,047424;19,6072285;;0,066583;39,41000735;86,40250012
1;542;2400;11:41:39;;-0,000674;7,56;;0,047421;19,60187916;;0,066727;39,49523993;86,58936403
1;543;2400;11:41:42;;-0,000598;7,56;;0,047968;20,60177578;;0,066449;39,3306937;86,22861286
1;544;2400;11:41:46;;-0,000583;7,56;;0,047949;20,56620406;;0,066104;39,12649064;85,78091807
1;545;2400;11:41:49;;-0,000543;7,56;;0,048047;20,75034019;;0,066339;39,26558548;86,0858696
1;546;2449;11:41:57;;-0,000464;7,56;;0,047455;19,66259054;;0,061633;36,48013732;79,97905306
1;547;2449;11:42:01;;-0,000342;7,55;;0,047668;20,04723171;;0,061435;36,36294252;79,72211518
1;548;2449;11:42:04;;-0,000327;7,55;;0,047632;19,98169753;;0,061224;36,23805311;79,44830763
1;549;2449;11:42:08;;-0,000385;7,55;;0,04787;20,418958;;0,061142;36,18951789;79,34189902
1;550;2449;11:42:11;;-0,000311;7,55;;0,047891;20,45799617;;0,061758;36,55412394;80,14126132
1;551;2502;11:42:19;;-0,000259;7,55;;0,047629;19,97624603;;0,058621;34,6973558;76,07048285
1;552;2502;11:42:23;;-0,000235;7,55;;0,047348;19,47216082;;0,058713;34,75180995;76,18986813
1;553;2502;11:42:26;;-0,000235;7,55;;0,047891;20,45799617;;0,059274;35,08386188;76,91785879
1;554;2502;11:42:30;;-0,000204;7,55;;0,047586;19,89827107;;0,059433;35,17797286;77,1241877
1;555;2502;11:42:33;;-0,000061;7,55;;0,047955;20,5774306;;0,059015;34,93056161;76,58176328
1;556;2549;11:42:41;;0,000049;7,55;;0,047626;19,97079601;;0,054776;32,42152746;71,0809568
1;557;2549;11:42:45;;0,000012;7,55;;0,047546;19,82600951;;0,054575;32,30255698;70,82012592
1;558;2549;11:42:48;;0,000018;7,55;;0,047385;19,53780083;;0,054395;32,19601625;70,58654602
1;559;2549;11:42:51;;0,000067;7,55;;0,047714;20,13128271;;0,054541;32,28243262;70,77600527
1;560;2549;11:42:55;;0,00014;7,54;;0,047818;20,32261235;;0,054248;32,10900799;70,39578911
1;561;2600;11:43:03;;0,000171;7,54;;0,047815;20,31706784;;0,050247;29,74084435;65,20382715
1;562;2600;11:43:07;;0,000174;7,54;;0,047607;19,93631376;;0,049374;29,22412182;64,07096467
1;563;2600;11:43:10;;0,000253;7,54;;0,047668;20,04723171;;0,048752;28,85596441;63,26381638
1;564;2600;11:43:13;;0,000284;7,54;;0,047977;20,61864701;;0,048102;28,471234;62,42033343
1;565;2600;11:43:17;;0,000281;7,54;;0,0478;20,28936796;;0,047714;28,24157954;61,91683899
1;566;2650;11:43:25;;0,000351;7,54;;0,047467;19,68406295;;0,04325;25,59936948;56,12405764
1;567;2650;11:43:29;;0,000497;7,54;;0,047916;20,50456752;;0,044165;26,14095151;57,3114221
1;568;2650;11:43:32;;0,000497;7,54;;0,047635;19,98715052;;0,044595;26,39546548;57,86941851
1;569;2650;11:43:35;;0,00051;7,54;;0,04743;19,61793155;;0,044995;26,63222265;58,38848494
1;570;2650;11:43:39;;0,000607;7,54;;0,047879;20,43567952;;0,045346;26,83997707;58,84396573
1;571;2702;11:43:47;;0,0009;7,53;;0,047653;20,01989972;;0,041391;24,49904051;53,71169641
1;572;2702;11:43:51;;0,000909;7,53;;0,04772;20,14227183;;0,041415;24,51324594;53,7428404
1;573;2702;11:43:54;;0,000943;7,53;;0,048001;20,66370453;;0,041122;24,33982131;53,36262424
1;574;2702;11:43:57;;0,001123;7,53;;0,047708;20,12029959;;0,040646;24,05808027;52,74493519
1;575;2702;11:44:01;;0,001111;7,53;;0,047839;20,36146633;;0,040552;24,00244234;52,62295458
1;576;2752;11:44:09;;0,001242;7,52;;0,047745;20,18812445;;0,037009;21,90536567;48,02532368
1;577;2752;11:44:13;;0,001276;7,52;;0,047668;20,04723171;;0,036786;21,77337354;47,73594415
1;578;2752;11:44:16;;0,001385;7,52;;0,047791;20,27276616;;0,037054;21,93200085;48,08371866
1;579;2752;11:44:19;;0,00137;7,52;;0,047534;19,80438225;;0,037021;21,91246838;48,04089568
1;580;2752;11:44:23;;0,001334;7,52;;0,04765;20,0144378;;0,036816;21,79113033;47,77487413
1;581;2799;11:44:31;;0,001437;7,52;;0,0478;20,28936796;;0,033707;19,95093519;43,74043031
1;582;2799;11:44:35;;0,00141;7,52;;0,04761;19,94175437;;0,033701;19,94738383;43,73264432
1;583;2799;11:44:38;;0,001385;7,52;;0,047729;20,15876677;;0,034061;20,16046529;44,1998041
1;584;2799;11:44:41;;0,001282;7,52;;0,048083;20,8183953;;0,034137;20,20544915;44,29842672
1;585;2799;11:44:45;;0,001187;7,52;;0,047522;19,78277859;;0,034738;20,56117681;45,07832403
1;586;2851;11:44:53;;0,001221;7,52;;0,047577;19,88198929;;0,031396;18,58307062;40,74152402
1;587;2851;11:44:57;;0,001187;7,52;;0,047665;20,04176233;;0,031467;18,62509501;40,83365831
1;588;2851;11:45:00;;0,001175;7,53;;0,047931;20,5325612;;0,031415;18,59431658;40,76617967
1;589;2851;11:45:04;;0,001086;7,53;;0,047638;19,992605;;0,031265;18,50553264;40,57152976
1;590;2851;11:45:07;;0,001105;7,53;;0,048087;20,82597074;;0,031274;18,51085968;40,58320876
1;591;2901;11:45:15;;0,001114;7,53;;0,047693;20,09286798;;0,028201;16,69197269;36,59548092
1;592;2901;11:45:19;;0,001035;7,53;;0,047629;19,97624603;;0,028162;16,66888886;36,54487194
1;593;2901;11:45:22;;0,000977;7,53;;0,048074;20,80136062;;0,028305;16,75352955;36,73043819
1;594;2901;11:45:26;;0,00098;7,53;;0,047861;20,40225017;;0,028714;16,99561376;37,26118361
1;595;2901;11:45:29;;0,00083;7,53;;0,047501;19,74502887;;0,028717;16,99738944;37,26507661
1;596;2950;11:45:37;;0,00083;7,53;;0,047592;19,909133;;0,026193;15,50345167;33,98976744
1;597;2950;11:45:41;;0,000793;7,53;;0,047662;20,03629444;;0,026187;15,49990031;33,98198145
1;598;2950;11:45:44;;0,000748;7,53;;0,048044;20,74467898;;0,026178;15,49457328;33,97030245
1;599;2950;11:45:48;;0,000726;7,53;;0,047559;19,84946568;;0,026166;15,48747056;33,95473046
1;600;2950;11:45:51;;0,000598;7,54;;0,047604;19,93087464;;0,025916;15,33949733;33,63031394
1;601;2999;11:45:59;;0,000552;7,54;;0,047507;19,75580715;;0,022488;13,31048834;29,18191464
1;602;2999;11:46:03;;0,000558;7,54;;0,04765;20,0144378;;0,022217;13,15008536;28,83024714
1;603;2999;11:46:06;;0,000543;7,54;;0,047543;19,82060048;;0,022324;13,2134179;28,96909741
1;604;2999;11:46:10;;0,000571;7,54;;0,047708;20,12029959;;0,022296;13,1968449;28,93276276
1;605;2999;11:46:13;;0,000626;7,54;;0,047974;20,61302173;;0,022168;13,1210826;28,7666615
1;606;3050;11:46:21;;0,000659;7,53;;0,047495;19,73425648;;0,019357;11,45727156;25,11892217
1;607;3050;11:46:25;;0,00069;7,53;;0,047864;20,40781792;;0,019257;11,39808227;24,98915556
1;608;3050;11:46:28;;0,000684;7,53;;0,047681;20,07094962;;0,019275;11,40873634;25,01251355
1;609;3050;11:46:32;;0,000708;7,53;;0,047968;20,60177578;;0,019342;11,44839317;25,09945718
1;610;3050;11:46:35;;0,000598;7,54;;0,047775;20,24328539;;0,019354;11,45549588;25,11502917
1;611;3102;11:46:44;;0,000598;7,54;;0,047742;20,18261663;;0,016779;9,931371572;21,77353903
1;612;3102;11:46:47;;0,000592;7,54;;0,04808;20,81271552;;0,016586;9,817136235;21,52308948
1;613;3102;11:46:50;;0,000632;7,53;;0,04794;20,54937574;;0,016373;9,69106304;21,24668661
1;614;3102;11:46:54;;0,000607;7,54;;0,047964;20,59428189;;0,016302;9,649038641;21,15455232
1;615;3102;11:46:57;;0,000607;7,54;;0,047806;20,30044338;;0,016403;9,708819828;21,28561659
1;616;3150;11:47:06;;0,000595;7,54;;0,047556;19,84405026;;0,014154;8,377652615;18,36716559
1;617;3150;11:47:09;;0,000577;7,54;;0,047855;20,39111921;;0,014023;8,30011464;18,19717134
1;618;3150;11:47:13;;0,000604;7,54;;0,047522;19,78277859;;0,013821;8,180552267;17,93504279
1;619;3150;11:47:16;;0,000616;7,54;;0,047485;19,71631554;;0,013562;8,027251997;17,59894728
1;620;3150;11:47:19;;0,000543;7,54;;0,047659;20,03082804;;0,013171;7,795821859;17,09155984
1;621;3200;11:47:28;;0,000418;7,54;;0,047473;19,69480795;;0,011389;6,741068647;14,7791189
1;622;3200;11:47:31;;0,000461;7,54;;0,047711;20,1257904;;0,01134;6,712065893;14,71553326
1;623;3200;11:47:35;;0,000427;7,54;;0,047827;20,33925497;;0,011392;6,742844326;14,7830119
1;624;3200;11:47:38;;0,00033;7,54;;0,047733;20,16610218;;0,011554;6,838730982;14,9932338
1;625;3200;11:47:41;;0,000436;7,54;;0,047467;19,68406295;;0,011588;6,858855341;15,03735445
1;626;3251;11:47:50;;0,000391;7,54;;0,047665;20,04176233;;0,009961;5,895845535;12,92605175
1;627;3251;11:47:53;;0,000339;7,54;;0,047827;20,33925497;;0,009933;5,879272532;12,8897171
1;628;3251;11:47:57;;0,000317;7,54;;0,047906;20,48592627;;0,009879;5,847310314;12,81964313
1;629;3251;11:48:00;;0,000366;7,54;;0,048059;20,77300047;;0,009857;5,834288669;12,79109448
1;630;3251;11:48:04;;0,000342;7,54;;0,047809;20,30598335;;0,009808;5,805285915;12,72750884
1;631;3301;11:48:12;;0,000214;7,54;;0,047531;19,79897913;;0,00824;4,877197792;10,69276844
1;632;3301;11:48:15;;0,000235;7,54;;0,047449;19,65186312;;0,008191;4,848195038;10,6291828
1;633;3301;11:48:19;;0,000262;7,54;;0,047556;19,84405026;;0,008136;4,815640927;10,55781117
1;634;3301;11:48:22;;0,00029;7,54;;0,047885;20,4468348;;0,0082;4,853522074;10,6408618
1;635;3301;11:48:26;;0,00022;7,54;;0,047595;19,91456618;;0,008151;4,824519321;10,57727616
1;636;3352;11:48:34;;0,00022;7,54;;0,047723;20,14776865;;0,006506;3,850855441;8,442615469
1;637;3352;11:48:38;;0,000214;7,54;;0,04744;19,63578296;;0,006418;3,798768863;8,328420855
1;638;3352;11:48:41;;0,000217;7,54;;0,047577;19,88198929;;0,006506;3,850855441;8,442615469
1;639;3352;11:48:44;;0,000183;7,54;;0,04794;20,54937574;;0,006384;3,778644503;8,284300208
1;640;3352;11:48:48;;0,000229;7,54;;0,047745;20,18812445;;0,00636;3,764439072;8,253156222
1;641;3400;11:48:56;;0,000159;7,54;;0,047446;19,6465016;;0,005099;3,01806208;6,616799305
1;642;3400;11:49:00;;0,000131;7,54;;0,047461;19,67332382;;0,005045;2,986099862;6,546725337
1;643;3400;11:49:03;;0,000143;7,54;;0,047406;19,57515435;;0,005099;3,01806208;6,616799305
1;644;3400;11:49:06;;0,000092;7,54;;0,04772;20,14227183;;0,005179;3,065413515;6,72061259
1;645;3400;11:49:10;;0,00011;7,54;;0,04761;19,94175437;;0,005261;3,113948736;6,827021208
1;646;3450;11:49:18;;0,000116;7,54;;0,047684;20,07642697;;0,003955;2,340936562;5,132269318
1;647;3450;11:49:22;;0,000128;7,54;;0,047449;19,65186312;;0,003976;2,353366313;5,159520305
1;648;3450;11:49:25;;0,000162;7,54;;0,047522;19,78277859;;0,003949;2,337385204;5,124483321
1;649;3450;11:49:29;;0,000128;7,54;;0,04743;19,61793155;;0,003986;2,359285243;5,172496966
1;650;3450;11:49:32;;0,000214;7,54;;0,047455;19,66259054;;0,003888;2,301279735;5,045325691
1;651;3501;11:49:40;;0,000122;7,54;;0,047769;20,23224116;;0,003275;1,938449365;4,249856388
1;652;3501;11:49:44;;0,000177;7,54;;0,047479;19,70555881;;0,003253;1,925427721;4,221307734
1;653;3501;11:49:47;;0,000198;7,54;;0,047552;19,83683199;;0,003226;1,909446611;4,186270751
1;654;3501;11:49:51;;0,000153;7,54;;0,048026;20,71074416;;0,003259;1,928979078;4,229093731
1;655;3501;11:49:54;;0,000122;7,54;;0,047568;19,86572083;;0,003326;1,968635905;4,316037358
1;656;3549;11:50:03;;0,000177;7,54;;0,047519;19,77738136;;0,003091;1,829541065;4,011085831
1;657;3549;11:50:06;;0,00018;7,54;;0,047931;20,5325612;;0,003098;1,833684315;4,020169493
1;658;3549;11:50:09;;0,000168;7,54;;0,048013;20,6862702;;0,003058;1,810008598;3,96826285
1;659;3549;11:50:13;;0,000162;7,54;;0,04754;19,81519293;;0,003165;1,873341142;4,10711312
1;660;3549;11:50:16;;0,000101;7,54;;0,047516;19,7719856;;0,003134;1,854992461;4,066885472
1;661;3598;11:50:25;;0,000247;7,54;;0,047549;19,83142001;;0,003058;1,810008598;3,96826285
1;662;3598;11:50:28;;0,000272;7,54;;0,0478;20,28936796;;0,002985;1,766800414;3,873533227
1;663;3598;11:50:32;;0,000177;7,54;;0,047638;19,992605;;0,00303;1,793435596;3,9319282
1;664;3598;11:50:35;;0,000177;7,54;;0,047656;20,02536314;;0,003079;1,82243835;3,995513838
1;665;3598;11:50:38;;0,000272;7,54;;0,047525;19,7881773;;0,003036;1,796986953;3,939714197
1;666;3651;11:50:47;;0,000165;7,54;;0,047864;20,40781792;;0,003052;1,80645724;3,960476854
1;667;3651;11:50:50;;0,000253;7,54;;0,047974;20,61302173;;0,003128;1,851441104;4,059099475
1;668;3651;11:50:54;;0,000232;7,54;;0,047864;20,40781792;;0,00296;1,75200309;3,841091575
1;669;3651;11:50:57;;0,000262;7,54;;0,047852;20,385556;;0,003064;1,813559956;3,976048847
1;670;3651;11:51:01;;0,000247;7,54;;0,047632;19,98169753;;0,003061;1,811784277;3,972155849
1;671;3701;11:51:09;;0,000269;7,54;;0,047772;20,23776252;;0,003116;1,844338388;4,043527483
1;672;3701;11:51:13;;0,000296;7,54;;0,048059;20,77300047;;0,003079;1,82243835;3,995513838
1;673;3701;11:51:16;;0,000333;7,54;;0,04787;20,418958;;0,003064;1,813559956;3,976048847
1;674;3701;11:51:19;;0,000342;7,54;;0,04769;20,08738614;;0,00318;1,882219536;4,126578111
1;675;3701;11:51:23;;0,000333;7,54;;0,04765;20,0144378;;0,003015;1,784557202;3,912463209
1;676;3749;11:51:31;;0,000394;7,54;;0,047745;20,18812445;;0,003018;1,786332881;3,916356207
1;677;3749;11:51:35;;0,000363;7,54;;0,047787;20,26539195;;0,003079;1,82243835;3,995513838
1;678;3749;11:51:38;;0,000385;7,54;;0,047546;19,82600951;;0,003036;1,796986953;3,939714197
1;679;3749;11:51:42;;0,000369;7,54;;0,047678;20,06547377;;0,003091;1,829541065;4,011085831
1;680;3749;11:51:45;;0,000323;7,54;;0,047766;20,2267213;;0,003195;1,89109793;4,146043102
1;681;3799;11:51:53;;0,000351;7,54;;0,047696;20,0983513;;0,003149;1,863870855;4,086350463
1;682;3799;11:51:57;;0,000446;7,54;;0,047455;19,66259054;;0,003079;1,82243835;3,995513838
1;683;3799;11:52:00;;0,000424;7,54;;0,047781;20,25433565;;0,003116;1,844338388;4,043527483
1;684;3799;11:52:04;;0,000482;7,54;;0,047495;19,73425648;;0,003119;1,846114067;4,047420481
1;685;3799;11:52:07;;0,000397;7,54;;0,048068;20,79001192;;0,003122;1,847889746;4,051313479
1;686;3849;11:52:16;;0,000446;7,54;;0,047787;20,26539195;;0,003116;1,844338388;4,043527483
1;687;3849;11:52:19;;0,00047;7,54;;0,047656;20,02536314;;0,003152;1,865646534;4,090243461
1;688;3849;11:52:23;;0,000464;7,54;;0,047897;20,46916364;;0,003247;1,921876363;4,213521738
1;689;3849;11:52:26;;0,000424;7,54;;0,047556;19,84405026;;0,003171;1,8768925;4,114899117
1;690;3849;11:52:29;;0,000485;7,54;;0,047504;19,75041728;;0,003143;1,860319498;4,078564466
1;691;3901;11:52:38;;0,000555;7,54;;0,047955;20,5774306;;0,003128;1,851441104;4,059099475
1;692;3901;11:52:41;;0,000565;7,54;;0,047702;20,10932245;;0,003125;1,849665425;4,055206477
1;693;3901;11:52:45;;0,000562;7,54;;0,048044;20,74467898;;0,003137;1,85676814;4,07077847
1;694;3901;11:52:48;;0,000534;7,54;;0,047733;20,16610218;;0,00307;1,817111313;3,983834843
1;695;3901;11:52:52;;0,000562;7,54;;0,047659;20,03082804;;0,002991;1,770351771;3,881319223
1;696;3950;11:53:00;;0,00062;7,54;;0,047955;20,5774306;;0,003082;1,824214028;3,999406836
1;697;3950;11:53:04;;0,00065;7,53;;0,0478;20,28936796;;0,003021;1,788108559;3,920249206
1;698;3950;11:53:07;;0,000577;7,54;;0,047708;20,12029959;;0,003073;1,818886992;3,987727841
1;699;3950;11:53:10;;0,000647;7,53;;0,047452;19,6572261;;0,003049;1,804681562;3,956583856
1;700;3950;11:53:14;;0,000558;7,54;;0,048093;20,83733907;;0,003137;1,85676814;4,07077847
1;701;4002;11:53:22;;0,000577;7,54;;0,047501;19,74502887;;0,003189;1,887546573;4,138257106
1;702;4002;11:53:26;;0,000583;7,54;;0,048059;20,77300047;;0,00303;1,793435596;3,9319282
1;703;4002;11:53:29;;0,000632;7,53;;0,047577;19,88198929;;0,003125;1,849665425;4,055206477
1;704;4002;11:53:33;;0,000668;7,53;;0,047525;19,7881773;;0,00311;1,840787031;4,035741486
1;705;4002;11:53:36;;0,00065;7,53;;0,047552;19,83683199;;0,002997;1,773903129;3,88910522
1;706;4051;11:53:45;;0,00069;7,53;;0,04747;19,68943472;;0,003134;1,854992461;4,066885472
1;707;4051;11:53:48;;0,000699;7,53;;0,047708;20,12029959;;0,003058;1,810008598;3,96826285
1;708;4051;11:53:52;;0,000702;7,53;;0,047983;20,62990217;;0,003094;1,831316744;4,014978829
1;709;4051;11:53:55;;0,00072;7,53;;0,047754;20,20465693;;0,003021;1,788108559;3,920249206
1;710;4051;11:53:58;;0,000769;7,53;;0,047964;20,59428189;;0,003021;1,788108559;3,920249206
1;711;4100;11:54:07;;0,00072;7,53;;0,047498;19,73964194;;0,002997;1,773903129;3,88910522
1;712;4100;11:54:10;;0,000772;7,53;;0,04747;19,68943472;;0,00296;1,75200309;3,841091575
1;713;4100;11:54:14;;0,000729;7,53;;0,048007;20,67498429;;0,003107;1,839011352;4,031848488
1;714;4100;11:54:17;;0,000763;7,53;;0,047806;20,30044338;;0,003067;1,815335634;3,979941845
1;715;4100;11:54:21;;0,000702;7,53;;0,047479;19,70555881;;0,003104;1,837235673;4,02795549
1;716;4151;11:54:29;;0,000742;7,53;;0,047586;19,89827107;;0,002969;1,757330127;3,85277057
1;717;4151;11:54:33;;0,000766;7,53;;0,047507;19,75580715;;0,003177;1,880443857;4,122685113
1;718;4151;11:54:36;;0,000864;7,53;;0,047964;20,59428189;;0,003104;1,837235673;4,02795549
1;719;4151;11:54:39;;0,000851;7,53;;0,047864;20,40781792;;0,003094;1,831316744;4,014978829
1;720;4151;11:54:43;;0,000821;7,53;;0,047583;19,89284233;;0,00304;1,799354525;3,944904861
1;721;4199;11:54:51;;0,000833;7,53;;0,047717;20,13677652;;0,003;1,775678808;3,892998218
1;722;4199;11:54:55;;0,000909;7,53;;0,048029;20,7163961;;0,003082;1,824214028;3,999406836
1;723;4199;11:54:58;;0,000928;7,53;;0,047537;19,80978685;;0,00307;1,817111313;3,983834843
1;724;4199;11:55:02;;0,000919;7,53;;0,047855;20,39111921;;0,003101;1,835459994;4,024062491
1;725;4199;11:55:05;;0,000928;7,53;;0,047943;20,55498365;;0,003015;1,784557202;3,912463209
1;726;4248;11:55:14;;0,000928;7,53;;0,047797;20,28383252;;0,003076;1,820662671;3,99162084
1;727;4248;11:55:17;;0,000916;7,53;;0,047906;20,48592627;;0,003094;1,831316744;4,014978829
1;728;4248;11:55:21;;0,000903;7,53;;0,047968;20,60177578;;0,003024;1,789884238;3,924142204
1;729;4248;11:55:24;;0,000864;7,53;;0,047665;20,04176233;;0,00311;1,840787031;4,035741486
1;730;4248;11:55:28;;0,00094;7,53;;0,048032;20,72204959;;0,003125;1,849665425;4,055206477
1;731;4300;11:55:36;;0,000949;7,53;;0,047906;20,48592627;;0,003122;1,847889746;4,051313479
1;732;4300;11:55:39;;0,000961;7,53;;0,047821;20,32815838;;0,003101;1,835459994;4,024062491
1;733;4300;11:55:43;;0,00101;7,53;;0,047708;20,12029959;;0,002969;1,757330127;3,85277057
1;734;4300;11:55:46;;0,001038;7,53;;0,047763;20,22120295;;0,00307;1,817111313;3,983834843
1;735;4300;11:55:50;;0,001068;7,53;;0,048013;20,6862702;;0,003061;1,811784277;3,972155849
1;736;4350;11:55:58;;0,001114;7,53;;0,047583;19,89284233;;0,003149;1,863870855;4,086350463
1;737;4350;11:56:02;;0,001074;7,53;;0,047903;20,4803372;;0,003064;1,813559956;3,976048847
1;738;4350;11:56:05;;0,001126;7,53;;0,047968;20,60177578;;0,00311;1,840787031;4,035741486
1;739;4350;11:56:09;;0,001096;7,53;;0,048035;20,72770462;;0,00304;1,799354525;3,944904861
1;740;4350;11:56:12;;0,001068;7,53;;0,048026;20,71074416;;0,00307;1,817111313;3,983834843
1;741;4400;11:56:21;;0,001175;7,53;;0,047638;19,992605;;0,003003;1,777454487;3,896891216
1;742;4400;11:56:24;;0,001169;7,53;;0,047595;19,91456618;;0,003073;1,818886992;3,987727841
1;743;4400;11:56:28;;0,001212;7,52;;0,047614;19,94901082;;0,00311;1,840787031;4,035741486
1;744;4400;11:56:31;;0,001141;7,53;;0,047601;19,92543701;;0,003076;1,820662671;3,99162084
1;745;4400;11:56:34;;0,001138;7,53;;0,047839;20,36146633;;0,003113;1,842562709;4,039634484
1;746;4451;11:56:43;;0,001181;7,52;;0,047513;19,76659131;;0,003027;1,791659917;3,928035202
1;747;4451;11:56:46;;0,001135;7,53;;0,047952;20,57181656;;0,003088;1,827765386;4,007192832
1;748;4451;11:56:50;;0,001199;7,52;;0,047491;19,72707814;;0,003149;1,863870855;4,086350463
1;749;4451;11:56:53;;0,001187;7,52;;0,047495;19,73425648;;0,003067;1,815335634;3,979941845
1;750;4451;11:56:57;;0,001205;7,52;;0,047736;20,1716055;;0,003049;1,804681562;3,956583856
1;751;4500;11:57:05;;0,001273;7,52;;0,047537;19,80978685;;0,00304;1,799354525;3,944904861
1;752;4500;11:57:09;;0,001245;7,52;;0,047961;20,58866326;;0,003033;1,795211275;3,935821198
1;753;4500;11:57:12;;0,001331;7,52;;0,047641;19,99806096;;0,003073;1,818886992;3,987727841
1;754;4500;11:57:16;;0,001254;7,52;;0,048053;20,76166724;;0,003183;1,883995215;4,130471109
1;755;4500;11:57:19;;0,001273;7,52;;0,04744;19,63578296;;0,003052;1,80645724;3,960476854
1;756;4551;11:57:28;;0,001315;7,52;;0,047977;20,61864701;;0,003061;1,811784277;3,972155849
1;757;4551;11:57:31;;0,001337;7,52;;0,047986;20,63553206;;0,003073;1,818886992;3,987727841
1;758;4551;11:57:35;;0,001315;7,52;;0,047766;20,2267213;;0,003122;1,847889746;4,051313479
1;759;4551;11:57:38;;0,001285;7,52;;0,04743;19,61793155;;0,003003;1,777454487;3,896891216
1;760;4551;11:57:41;;0,001294;7,52;;0,047769;20,23224116;;0,002991;1,770351771;3,881319223
1;761;4600;11:57:50;;0,001331;7,52;;0,047559;19,84946568;;0,003098;1,833684315;4,020169493
1;762;4600;11:57:53;;0,001401;7,52;;0,04762;19,95990044;;0,003131;1,853216782;4,062992474
1;763;4600;11:57:57;;0,001401;7,52;;0,047461;19,67332382;;0,003088;1,827765386;4,007192832
1;764;4600;11:58:00;;0,001385;7,52;;0,047418;19,59653128;;0,003119;1,846114067;4,047420481
1;765;4600;11:58:04;;0,001346;7,52;;0,04744;19,63578296;;0,003125;1,849665425;4,055206477
1;766;4648;11:58:12;;0,001367;7,52;;0,047491;19,72707814;;0,003027;1,791659917;3,928035202
1;767;4648;11:58:16;;0,001465;7,52;;0,047919;20,5101632;;0,003082;1,824214028;3,999406836
1;768;4648;11:58:19;;0,001364;7,52;;0,047775;20,24328539;;0,003067;1,815335634;3,979941845
1;769;4648;11:58:23;;0,001456;7,52;;0,047769;20,23224116;;0,00307;1,817111313;3,983834843
1;770;4648;11:58:26;;0,00145;7,52;;0,047482;19,71093644;;0,003006;1,779230165;3,900784215
1;771;4701;11:58:35;;0,001443;7,52;;0,047906;20,48592627;;0,003125;1,849665425;4,055206477
1;772;4701;11:58:38;;0,001517;7,52;;0,047922;20,51576041;;0,003018;1,786332881;3,916356207
1;773;4701;11:58:42;;0,001447;7,52;;0,047736;20,1716055;;0,003067;1,815335634;3,979941845
1;774;4701;11:58:45;;0,001474;7,52;;0,047992;20,64679643;;0,001505;0,890798869;1,952987439
1;775;4701;11:58:49;;0,001523;7,52;;0,047888;20,45241473;;0,003088;1,827765386;4,007192832
1;776;4750;11:58:57;;0,001596;7,52;;0,047446;19,6465016;;0,003027;1,791659917;3,928035202
1;777;4750;11:59:00;;0,001523;7,52;;0,047925;20,52135914;;0,003018;1,786332881;3,916356207
1;778;4750;11:59:04;;0,001532;7,52;;0,047559;19,84946568;;0,003027;1,791659917;3,928035202
1;779;4750;11:59:07;;0,001605;7,52;;0,047519;19,77738136;;0,003052;1,80645724;3,960476854
1;780;4750;11:59:11;;0,001572;7,52;;0,047687;20,08190581;;0,003036;1,796986953;3,939714197
1;781;4800;11:59:19;;0,00162;7,52;;0,047971;20,60739799;;0,003116;1,844338388;4,043527483
1;782;4800;11:59:23;;0,001624;7,52;;0,047925;20,52135914;;0,003098;1,833684315;4,020169493
1;783;4800;11:59:26;;0,00174;7,51;;0,047873;20,42453032;;0,003052;1,80645724;3,960476854
1;784;4800;11:59:30;;0,001733;7,51;;0,047983;20,62990217;;0,003149;1,863870855;4,086350463
1;785;4800;11:59:33;;0,001749;7,51;;0,047653;20,01989972;;0,003027;1,791659917;3,928035202
1;786;4852;11:59:42;;0,001804;7,51;;0,047812;20,31152484;;0,003036;1,796986953;3,939714197
1;787;4852;11:59:46;;0,001801;7,51;;0,048026;20,71074416;;0,003073;1,818886992;3,987727841
1;788;4852;11:59:50;;0,001788;7,51;;0,048007;20,67498429;;0,003052;1,80645724;3,960476854
1;789;4852;11:59:53;;0,001782;7,51;;0,047922;20,51576041;;0,003131;1,853216782;4,062992474
1;790;4852;11:59:57;;0,00177;7,51;;0,047839;20,36146633;;0,003104;1,837235673;4,02795549
1;791;4901;12:00:05;;0,001776;7,51;;0,04772;20,14227183;;0,003131;1,853216782;4,062992474
1;792;4901;12:00:09;;0,001755;7,51;;0,047983;20,62990217;;0,003177;1,880443857;4,122685113
1;793;4901;12:00:12;;0,001852;7,51;;0,047559;19,84946568;;0,003064;1,813559956;3,976048847
1;794;4901;12:00:16;;0,001871;7,51;;0,047897;20,46916364;;0,002988;1,768576093;3,877426225
1;795;4901;12:00:19;;0,001804;7,51;;0,047806;20,30044338;;0,003067;1,815335634;3,979941845
1;796;4950;12:00:27;;0,00199;7,51;;0,048038;20,7333612;;0,003052;1,80645724;3,960476854
1;797;4950;12:00:31;;0,001974;7,51;;0,047974;20,61302173;;0,003116;1,844338388;4,043527483
1;798;4950;12:00:35;;0,002008;7,51;;0,0478;20,28936796;;0,003021;1,788108559;3,920249206
1;799;4950;12:00:38;;0,002008;7,51;;0,0478;20,28936796;;0,003067;1,815335634;3,979941845
1;800;4950;12:00:41;;0,002023;7,51;;0,04762;19,95990044;;0,003055;1,808232919;3,964369852
1;801;5002;12:00:50;;0,001999;7,51;;0,048026;20,71074416;;0,003049;1,804681562;3,956583856
1;802;5002;12:00:53;;0,001984;7,51;;0,048026;20,71074416;;0,003067;1,815335634;3,979941845
1;803;5002;12:00:57;;0,002039;7,51;;0,048007;20,67498429;;0,003036;1,796986953;3,939714197
1;804;5002;12:01:00;;0,00213;7,51;;0,048169;20,98187624;;0,003049;1,804681562;3,956583856
1;805;5002;12:01:04;;0,002087;7,51;;0,047748;20,19363377;;0,003006;1,779230165;3,900784215
;;;;;;;;;;;;;
;;;;;;;;;;;;;
;;;;;;;;;;;;;
;;;;;;;;;;;;;
;;;;;;;;;;;;;
;;;;;;;;;;;;;
;;;;;;;;;;;;;
;;;;;;;;;;;;;
;;;;;;;;;;;;;
;;;;;;;;;;;;;
;;;;;;;;;;;;;
;;;;;;;;;;;;;
;;;;;;;;;;;;;
;;;;;;;;;;;;;
;;;;;;;;;;;;;
;;;;;;;;;;;;;
;;;;;;;;;;;;;
;;;;;;;;;;;;;
;;;;;;;;;;;;;
;;;;;;;;;;;;;
;;;;;;;;;;;;;
;;;;;;;;;;;;;
;;;;;;;;;;;;;
;;;;;;;;;;;;;
;;;;;;;;;;;;;
;;;;;;;;;;;;;
;;;;;;;;;;;;;
;;;;;;;;;;;;;
;;;;;;;;;;;;;
;;;;;;;;;;;;;
;;;;;;;;;;;;;
;;;;;;;;;;;;;
;;;;;;;;;;;;;
;;;;;;;;;;;;;
;;;;;;;;;;;;;
;;;;;;;;;;;;;
;;;;;;;;;;;;;
;;;;;;;;;;;;;
;;;;;;;;;;;;;
;;;;;;;;;;;;;
;;;;;;;;;;;;;
;;;;;;;;;;;;;
;;;;;;;;;;;;;
;;;;;;;;;;;;;
;;;;;;;;;;;;;
;;;;;;;;;;;;;
;;;;;;;;;;;;;
;;;;;;;;;;;;;
;;;;;;;;;;;;;
;;;;;;;;;;;;;
;;;;;;;;;;;;;
;;;;;;;;;;;;;
;;;;;;;;;;;;;
;;;;;;;;;;;;;
;;;;;;;;;;;;;
;;;;;;;;;;;;;
;;;;;;;;;;;;;
;;;;;;;;;;;;;
;;;;;;;;;;;;;
;;;;;;;;;;;;;
;;;;;;;;;;;;;
;;;;;;;;;;;;;
;;;;;;;;;;;;;
;;;;;;;;;;;;;
;;;;;;;;;;;;;
;;;;;;;;;;;;;
;;;;;;;;;;;;;
;;;;;;;;;;;;;
;;;;;;;;;;;;;
;;;;;;;;;;;;;
;;;;;;;;;;;;;
;;;;;;;;;;;;;
;;;;;;;;;;;;;
;;;;;;;;;;;;;
;;;;;;;;;;;;;
;;;;;;;;;;;;;
;;;;;;;;;;;;;
;;;;;;;;;;;;;
;;;;;;;;;;;;;
;;;;;;;;;;;;;
;;;;;;;;;;;;;
;;;;;;;;;;;;;
;;;;;;;;;;;;;
;;;;;;;;;;;;;
;;;;;;;;;;;;;
;;;;;;;;;;;;;
;;;;;;;;;;;;;
;;;;;;;;;;;;;
;;;;;;;;;;;;;
;;;;;;;;;;;;;
;;;;;;;;;;;;;
;;;;;;;;;;;;;
;;;;;;;;;;;;;
;;;;;;;;;;;;;
;;;;;;;;;;;;;
;;;;;;;;;;;;;
;;;;;;;;;;;;;
;;;;;;;;;;;;;
;;;;;;;;;;;;;
;;;;;;;;;;;;;
;;;;;;;;;;;;;
;;;;;;;;;;;;;
;;;;;;;;;;;;;
;;;;;;;;;;;;;
;;;;;;;;;;;;;
;;;;;;;;;;;;;
;;;;;;;;;;;;;
;;;;;;;;;;;;;
;;;;;;;;;;;;;
;;;;;;;;;;;;;
;;;;;;;;;;;;;
;;;;;;;;;;;;;
;;;;;;;;;;;;;
;;;;;;;;;;;;;
;;;;;;;;;;;;;
;;;;;;;;;;;;;
;;;;;;;;;;;;;
;;;;;;;;;;;;;
;;;;;;;;;;;;;
;;;;;;;;;;;;;
;;;;;;;;;;;;;
;;;;;;;;;;;;;
;;;;;;;;;;;;;
;;;;;;;;;;;;;
;;;;;;;;;;;;;
;;;;;;;;;;;;;
;;;;;;;;;;;;;
;;;;;;;;;;;;;
;;;;;;;;;;;;;
;;;;;;;;;;;;;
;;;;;;;;;;;;;
;;;;;;;;;;;;;
;;;;;;;;;;;;;
;;;;;;;;;;;;;
;;;;;;;;;;;;;
;;;;;;;;;;;;;
;;;;;;;;;;;;;
;;;;;;;;;;;;;
;;;;;;;;;;;;;
;;;;;;;;;;;;;
;;;;;;;;;;;;;
;;;;;;;;;;;;;
;;;;;;;;;;;;;
;;;;;;;;;;;;;
;;;;;;;;;;;;;
;;;;;;;;;;;;;
;;;;;;;;;;;;;
;;;;;;;;;;;;;
;;;;;;;;;;;;;
;;;;;;;;;;;;;
;;;;;;;;;;;;;
;;;;;;;;;;;;;
;;;;;;;;;;;;;
;;;;;;;;;;;;;
;;;;;;;;;;;;;
;;;;;;;;;;;;;
;;;;;;;;;;;;;
;;;;;;;;;;;;;
;;;;;;;;;;;;;
;;;;;;;;;;;;;
;;;;;;;;;;;;;
;;;;;;;;;;;;;
;;;;;;;;;;;;;
;;;;;;;;;;;;;
;;;;;;;;;;;;;
;;;;;;;;;;;;;
;;;;;;;;;;;;;
;;;;;;;;;;;;;
;;;;;;;;;;;;;
;;;;;;;;;;;;;
;;;;;;;;;;;;;
;;;;;;;;;;;;;
;;;;;;;;;;;;;
;;;;;;;;;;;;;
;;;;;;;;;;;;;
;;;;;;;;;;;;;
;;;;;;;;;;;;;
;;;;;;;;;;;;;
;;;;;;;;;;;;;
;;;;;;;;;;;;;
;;;;;;;;;;;;;
;;;;;;;;;;;;;
;;;;;;;;;;;;;
;;;;;;;;;;;;;
;;;;;;;;;;;;;
;;;;;;;;;;;;;
;;;;;;;;;;;;;
;;;;;;;;;;;;;
;;;;;;;;;;;;;
;;;;;;;;;;;;;
;;;;;;;;;;;;;
;;;;;;;;;;;;;
;;;;;;;;;;;;;
;;;;;;;;;;;;;
;;;;;;;;;;;;;
;;;;;;;;;;;;;
;;;;;;;;;;;;;
;;;;;;;;;;;;;
;;;;;;;;;;;;;
;;;;;;;;;;;;;
;;;;;;;;;;;;;
;;;;;;;;;;;;;
;;;;;;;;;;;;;
;;;;;;;;;;;;;
;;;;;;;;;;;;;
;;;;;;;;;;;;;
;;;;;;;;;;;;;
;;;;;;;;;;;;;
;;;;;;;;;;;;;
;;;;;;;;;;;;;
;;;;;;;;;;;;;
;;;;;;;;;;;;;
;;;;;;;;;;;;;
;;;;;;;;;;;;;
;;;;;;;;;;;;;
;;;;;;;;;;;;;
;;;;;;;;;;;;;
;;;;;;;;;;;;;
;;;;;;;;;;;;;
;;;;;;;;;;;;;
;;;;;;;;;;;;;
;;;;;;;;;;;;;
;;;;;;;;;;;;;
;;;;;;;;;;;;;
;;;;;;;;;;;;;
;;;;;;;;;;;;;
;;;;;;;;;;;;;
;;;;;;;;;;;;;
;;;;;;;;;;;;;
;;;;;;;;;;;;;
;;;;;;;;;;;;;
;;;;;;;;;;;;;
;;;;;;;;;;;;;
;;;;;;;;;;;;;
;;;;;;;;;;;;;
;;;;;;;;;;;;;
;;;;;;;;;;;;;
;;;;;;;;;;;;;
;;;;;;;;;;;;;
;;;;;;;;;;;;;
;;;;;;;;;;;;;
;;;;;;;;;;;;;
;;;;;;;;;;;;;
;;;;;;;;;;;;;
;;;;;;;;;;;;;
;;;;;;;;;;;;;
;;;;;;;;;;;;;
;;;;;;;;;;;;;
;;;;;;;;;;;;;
;;;;;;;;;;;;;
;;;;;;;;;;;;;
;;;;;;;;;;;;;
;;;;;;;;;;;;;
;;;;;;;;;;;;;
;;;;;;;;;;;;;
;;;;;;;;;;;;;
;;;;;;;;;;;;;
;;;;;;;;;;;;;
;;;;;;;;;;;;;
;;;;;;;;;;;;;
;;;;;;;;;;;;;
;;;;;;;;;;;;;
;;;;;;;;;;;;;
;;;;;;;;;;;;;
;;;;;;;;;;;;;
;;;;;;;;;;;;;
;;;;;;;;;;;;;
;;;;;;;;;;;;;
;;;;;;;;;;;;;
;;;;;;;;;;;;;
;;;;;;;;;;;;;
;;;;;;;;;;;;;
;;;;;;;;;;;;;
;;;;;;;;;;;;;
;;;;;;;;;;;;;
;;;;;;;;;;;;;
;;;;;;;;;;;;;
;;;;;;;;;;;;;
;;;;;;;;;;;;;
;;;;;;;;;;;;;
;;;;;;;;;;;;;
;;;;;;;;;;;;;
;;;;;;;;;;;;;
;;;;;;;;;;;;;
;;;;;;;;;;;;;
;;;;;;;;;;;;;
;;;;;;;;;;;;;
;;;;;;;;;;;;;
;;;;;;;;;;;;;
;;;;;;;;;;;;;
;;;;;;;;;;;;;
;;;;;;;;;;;;;
;;;;;;;;;;;;;
;;;;;;;;;;;;;
;;;;;;;;;;;;;
;;;;;;;;;;;;;
;;;;;;;;;;;;;
;;;;;;;;;;;;;
;;;;;;;;;;;;;
;;;;;;;;;;;;;
;;;;;;;;;;;;;
;;;;;;;;;;;;;
;;;;;;;;;;;;;
;;;;;;;;;;;;;
;;;;;;;;;;;;;
;;;;;;;;;;;;;
;;;;;;;;;;;;;
;;;;;;;;;;;;;
;;;;;;;;;;;;;
;;;;;;;;;;;;;
;;;;;;;;;;;;;
;;;;;;;;;;;;;
;;;;;;;;;;;;;
;;;;;;;;;;;;;
;;;;;;;;;;;;;
;;;;;;;;;;;;;
;;;;;;;;;;;;;
;;;;;;;;;;;;;
;;;;;;;;;;;;;
;;;;;;;;;;;;;
;;;;;;;;;;;;;
;;;;;;;;;;;;;
;;;;;;;;;;;;;
;;;;;;;;;;;;;
;;;;;;;;;;;;;
;;;;;;;;;;;;;
;;;;;;;;;;;;;
;;;;;;;;;;;;;
;;;;;;;;;;;;;
;;;;;;;;;;;;;
;;;;;;;;;;;;;
;;;;;;;;;;;;;
;;;;;;;;;;;;;
;;;;;;;;;;;;;
;;;;;;;;;;;;;
;;;;;;;;;;;;;
;;;;;;;;;;;;;
;;;;;;;;;;;;;
;;;;;;;;;;;;;
;;;;;;;;;;;;;
;;;;;;;;;;;;;
;;;;;;;;;;;;;
;;;;;;;;;;;;;
;;;;;;;;;;;;;
;;;;;;;;;;;;;
;;;;;;;;;;;;;
;;;;;;;;;;;;;
;;;;;;;;;;;;;
;;;;;;;;;;;;;
;;;;;;;;;;;;;
;;;;;;;;;;;;;
;;;;;;;;;;;;;
;;;;;;;;;;;;;
;;;;;;;;;;;;;
;;;;;;;;;;;;;
;;;;;;;;;;;;;
;;;;;;;;;;;;;
;;;;;;;;;;;;;
;;;;;;;;;;;;;
;;;;;;;;;;;;;
;;;;;;;;;;;;;
;;;;;;;;;;;;;
;;;;;;;;;;;;;
;;;;;;;;;;;;;
;;;;;;;;;;;;;
;;;;;;;;;;;;;
;;;;;;;;;;;;;
;;;;;;;;;;;;;
;;;;;;;;;;;;;
;;;;;;;;;;;;;
;;;;;;;;;;;;;
;;;;;;;;;;;;;
;;;;;;;;;;;;;
;;;;;;;;;;;;;
;;;;;;;;;;;;;
;;;;;;;;;;;;;
;;;;;;;;;;;;;
;;;;;;;;;;;;;
;;;;;;;;;;;;;
;;;;;;;;;;;;;
;;;;;;;;;;;;;
;;;;;;;;;;;;;
;;;;;;;;;;;;;
;;;;;;;;;;;;;
;;;;;;;;;;;;;
;;;;;;;;;;;;;
;;;;;;;;;;;;;
;;;;;;;;;;;;;
;;;;;;;;;;;;;
;;;;;;;;;;;;;
;;;;;;;;;;;;;
;;;;;;;;;;;;;
;;;;;;;;;;;;;
;;;;;;;;;;;;;
;;;;;;;;;;;;;
;;;;;;;;;;;;;
;;;;;;;;;;;;;
;;;;;;;;;;;;;
;;;;;;;;;;;;;
;;;;;;;;;;;;;
;;;;;;;;;;;;;
;;;;;;;;;;;;;
;;;;;;;;;;;;;
;;;;;;;;;;;;;
;;;;;;;;;;;;;
;;;;;;;;;;;;;
;;;;;;;;;;;;;
;;;;;;;;;;;;;
;;;;;;;;;;;;;
;;;;;;;;;;;;;
;;;;;;;;;;;;;
;;;;;;;;;;;;;
;;;;;;;;;;;;;
;;;;;;;;;;;;;
;;;;;;;;;;;;;
;;;;;;;;;;;;;
;;;;;;;;;;;;;
;;;;;;;;;;;;;
;;;;;;;;;;;;;
;;;;;;;;;;;;;
;;;;;;;;;;;;;
;;;;;;;;;;;;;
;;;;;;;;;;;;;
;;;;;;;;;;;;;
;;;;;;;;;;;;;
;;;;;;;;;;;;;
;;;;;;;;;;;;;
;;;;;;;;;;;;;
;;;;;;;;;;;;;
;;;;;;;;;;;;;
;;;;;;;;;;;;;
;;;;;;;;;;;;;
;;;;;;;;;;;;;
;;;;;;;;;;;;;
;;;;;;;;;;;;;
;;;;;;;;;;;;;
;;;;;;;;;;;;;
;;;;;;;;;;;;;
;;;;;;;;;;;;;
;;;;;;;;;;;;;
;;;;;;;;;;;;;
;;;;;;;;;;;;;
;;;;;;;;;;;;;
;;;;;;;;;;;;;
;;;;;;;;;;;;;
;;;;;;;;;;;;;
;;;;;;;;;;;;;
;;;;;;;;;;;;;
;;;;;;;;;;;;;
;;;;;;;;;;;;;
;;;;;;;;;;;;;
;;;;;;;;;;;;;
;;;;;;;;;;;;;
;;;;;;;;;;;;;
;;;;;;;;;;;;;
;;;;;;;;;;;;;
;;;;;;;;;;;;;
;;;;;;;;;;;;;
;;;;;;;;;;;;;
;;;;;;;;;;;;;
;;;;;;;;;;;;;
;;;;;;;;;;;;;
;;;;;;;;;;;;;
;;;;;;;;;;;;;
;;;;;;;;;;;;;
;;;;;;;;;;;;;
;;;;;;;;;;;;;
;;;;;;;;;;;;;
;;;;;;;;;;;;;
;;;;;;;;;;;;;
;;;;;;;;;;;;;
;;;;;;;;;;;;;
;;;;;;;;;;;;;
;;;;;;;;;;;;;
;;;;;;;;;;;;;
;;;;;;;;;;;;;
;;;;;;;;;;;;;
;;;;;;;;;;;;;
;;;;;;;;;;;;;
;;;;;;;;;;;;;
;;;;;;;;;;;;;
;;;;;;;;;;;;;
;;;;;;;;;;;;;
;;;;;;;;;;;;;
;;;;;;;;;;;;;
;;;;;;;;;;;;;
;;;;;;;;;;;;;
;;;;;;;;;;;;;
;;;;;;;;;;;;;
;;;;;;;;;;;;;
;;;;;;;;;;;;;
;;;;;;;;;;;;;
;;;;;;;;;;;;;
;;;;;;;;;;;;;
;;;;;;;;;;;;;
;;;;;;;;;;;;;
;;;;;;;;;;;;;
;;;;;;;;;;;;;
;;;;;;;;;;;;;
;;;;;;;;;;;;;
;;;;;;;;;;;;;
;;;;;;;;;;;;;
;;;;;;;;;;;;;
;;;;;;;;;;;;;
;;;;;;;;;;;;;
;;;;;;;;;;;;;
;;;;;;;;;;;;;
;;;;;;;;;;;;;
;;;;;;;;;;;;;
;;;;;;;;;;;;;
;;;;;;;;;;;;;
;;;;;;;;;;;;;
;;;;;;;;;;;;;
;;;;;;;;;;;;;
;;;;;;;;;;;;;
;;;;;;;;;;;;;
;;;;;;;;;;;;;
;;;;;;;;;;;;;
;;;;;;;;;;;;;
;;;;;;;;;;;;;
;;;;;;;;;;;;;
;;;;;;;;;;;;;
;;;;;;;;;;;;;
;;;;;;;;;;;;;
;;;;;;;;;;;;;
;;;;;;;;;;;;;
;;;;;;;;;;;;;
;;;;;;;;;;;;;
;;;;;;;;;;;;;
;;;;;;;;;;;;;
;;;;;;;;;;;;;
;;;;;;;;;;;;;
;;;;;;;;;;;;;
;;;;;;;;;;;;;
;;;;;;;;;;;;;
;;;;;;;;;;;;;
;;;;;;;;;;;;;
;;;;;;;;;;;;;
;;;;;;;;;;;;;
;;;;;;;;;;;;;
;;;;;;;;;;;;;
;;;;;;;;;;;;;
;;;;;;;;;;;;;
;;;;;;;;;;;;;
;;;;;;;;;;;;;
;;;;;;;;;;;;;
;;;;;;;;;;;;;
;;;;;;;;;;;;;
;;;;;;;;;;;;;
;;;;;;;;;;;;;
;;;;;;;;;;;;;
;;;;;;;;;;;;;
;;;;;;;;;;;;;
;;;;;;;;;;;;;
;;;;;;;;;;;;;
;;;;;;;;;;;;;
;;;;;;;;;;;;;
;;;;;;;;;;;;;
;;;;;;;;;;;;;
;;;;;;;;;;;;;
;;;;;;;;;;;;;
;;;;;;;;;;;;;
;;;;;;;;;;;;;
;;;;;;;;;;;;;
;;;;;;;;;;;;;
;;;;;;;;;;;;;
;;;;;;;;;;;;;
;;;;;;;;;;;;;
;;;;;;;;;;;;;
;;;;;;;;;;;;;
;;;;;;;;;;;;;
;;;;;;;;;;;;;
;;;;;;;;;;;;;
;;;;;;;;;;;;;
;;;;;;;;;;;;;
;;;;;;;;;;;;;
;;;;;;;;;;;;;
;;;;;;;;;;;;;
;;;;;;;;;;;;;
;;;;;;;;;;;;;
;;;;;;;;;;;;;
;;;;;;;;;;;;;
;;;;;;;;;;;;;
;;;;;;;;;;;;;
;;;;;;;;;;;;;
;;;;;;;;;;;;;
;;;;;;;;;;;;;
;;;;;;;;;;;;;
;;;;;;;;;;;;;
;;;;;;;;;;;;;
;;;;;;;;;;;;;
;;;;;;;;;;;;;
;;;;;;;;;;;;;
;;;;;;;;;;;;;
;;;;;;;;;;;;;
;;;;;;;;;;;;;
;;;;;;;;;;;;;
;;;;;;;;;;;;;
;;;;;;;;;;;;;
;;;;;;;;;;;;;
;;;;;;;;;;;;;
;;;;;;;;;;;;;
;;;;;;;;;;;;;
;;;;;;;;;;;;;
;;;;;;;;;;;;;
;;;;;;;;;;;;;
;;;;;;;;;;;;;
;;;;;;;;;;;;;
;;;;;;;;;;;;;
;;;;;;;;;;;;;
;;;;;;;;;;;;;
;;;;;;;;;;;;;
;;;;;;;;;;;;;
;;;;;;;;;;;;;
;;;;;;;;;;;;;
;;;;;;;;;;;;;
;;;;;;;;;;;;;
;;;;;;;;;;;;;
;;;;;;;;;;;;;
;;;;;;;;;;;;;
;;;;;;;;;;;;;
;;;;;;;;;;;;;
;;;;;;;;;;;;;
;;;;;;;;;;;;;
;;;;;;;;;;;;;
;;;;;;;;;;;;;
;;;;;;;;;;;;;
;;;;;;;;;;;;;
;;;;;;;;;;;;;
;;;;;;;;;;;;;
;;;;;;;;;;;;;
;;;;;;;;;;;;;
;;;;;;;;;;;;;
;;;;;;;;;;;;;
;;;;;;;;;;;;;
;;;;;;;;;;;;;
;;;;;;;;;;;;;
;;;;;;;;;;;;;
;;;;;;;;;;;;;
;;;;;;;;;;;;;
;;;;;;;;;;;;;
;;;;;;;;;;;;;
;;;;;;;;;;;;;
;;;;;;;;;;;;;
;;;;;;;;;;;;;
;;;;;;;;;;;;;
;;;;;;;;;;;;;
;;;;;;;;;;;;;
;;;;;;;;;;;;;
;;;;;;;;;;;;;
;;;;;;;;;;;;;
;;;;;;;;;;;;;
;;;;;;;;;;;;;
;;;;;;;;;;;;;
;;;;;;;;;;;;;
;;;;;;;;;;;;;
;;;;;;;;;;;;;
;;;;;;;;;;;;;
;;;;;;;;;;;;;
;;;;;;;;;;;;;
;;;;;;;;;;;;;
;;;;;;;;;;;;;
;;;;;;;;;;;;;
;;;;;;;;;;;;;
;;;;;;;;;;;;;
;;;;;;;;;;;;;
;;;;;;;;;;;;;
;;;;;;;;;;;;;
;;;;;;;;;;;;;
;;;;;;;;;;;;;
;;;;;;;;;;;;;
;;;;;;;;;;;;;
;;;;;;;;;;;;;
;;;;;;;;;;;;;
;;;;;;;;;;;;;
;;;;;;;;;;;;;
;;;;;;;;;;;;;
;;;;;;;;;;;;;
;;;;;;;;;;;;;
;;;;;;;;;;;;;
;;;;;;;;;;;;;
;;;;;;;;;;;;;
;;;;;;;;;;;;;
;;;;;;;;;;;;;
;;;;;;;;;;;;;
;;;;;;;;;;;;;
;;;;;;;;;;;;;
;;;;;;;;;;;;;
;;;;;;;;;;;;;
;;;;;;;;;;;;;
;;;;;;;;;;;;;
;;;;;;;;;;;;;
;;;;;;;;;;;;;
;;;;;;;;;;;;;
;;;;;;;;;;;;;
;;;;;;;;;;;;;
;;;;;;;;;;;;;
;;;;;;;;;;;;;
;;;;;;;;;;;;;
;;;;;;;;;;;;;
;;;;;;;;;;;;;
;;;;;;;;;;;;;
;;;;;;;;;;;;;
;;;;;;;;;;;;;
;;;;;;;;;;;;;
;;;;;;;;;;;;;
;;;;;;;;;;;;;
;;;;;;;;;;;;;
;;;;;;;;;;;;;
;;;;;;;;;;;;;
;;;;;;;;;;;;;
;;;;;;;;;;;;;
;;;;;;;;;;;;;
;;;;;;;;;;;;;
;;;;;;;;;;;;;
;;;;;;;;;;;;;
;;;;;;;;;;;;;
;;;;;;;;;;;;;
;;;;;;;;;;;;;
;;;;;;;;;;;;;
;;;;;;;;;;;;;
;;;;;;;;;;;;;
;;;;;;;;;;;;;
;;;;;;;;;;;;;
;;;;;;;;;;;;;
;;;;;;;;;;;;;
;;;;;;;;;;;;;
;;;;;;;;;;;;;
;;;;;;;;;;;;;
;;;;;;;;;;;;;
;;;;;;;;;;;;;
;;;;;;;;;;;;;
;;;;;;;;;;;;;
;;;;;;;;;;;;;
;;;;;;;;;;;;;
;;;;;;;;;;;;;
;;;;;;;;;;;;;
;;;;;;;;;;;;;
;;;;;;;;;;;;;
;;;;;;;;;;;;;
;;;;;;;;;;;;;
;;;;;;;;;;;;;
;;;;;;;;;;;;;
;;;;;;;;;;;;;
;;;;;;;;;;;;;
;;;;;;;;;;;;;
;;;;;;;;;;;;;
;;;;;;;;;;;;;
;;;;;;;;;;;;;
;;;;;;;;;;;;;
;;;;;;;;;;;;;
;;;;;;;;;;;;;
;;;;;;;;;;;;;
;;;;;;;;;;;;;
;;;;;;;;;;;;;
;;;;;;;;;;;;;
;;;;;;;;;;;;;
;;;;;;;;;;;;;
;;;;;;;;;;;;;
;;;;;;;;;;;;;
;;;;;;;;;;;;;
;;;;;;;;;;;;;
;;;;;;;;;;;;;
;;;;;;;;;;;;;
;;;;;;;;;;;;;
;;;;;;;;;;;;;
;;;;;;;;;;;;;
;;;;;;;;;;;;;
;;;;;;;;;;;;;
;;;;;;;;;;;;;
;;;;;;;;;;;;;
;;;;;;;;;;;;;
;;;;;;;;;;;;;
;;;;;;;;;;;;;
;;;;;;;;;;;;;
;;;;;;;;;;;;;
;;;;;;;;;;;;;
;;;;;;;;;;;;;
;;;;;;;;;;;;;
;;;;;;;;;;;;;
;;;;;;;;;;;;;
;;;;;;;;;;;;;
;;;;;;;;;;;;;
;;;;;;;;;;;;;
;;;;;;;;;;;;;
;;;;;;;;;;;;;
;;;;;;;;;;;;;
;;;;;;;;;;;;;
;;;;;;;;;;;;;
;;;;;;;;;;;;;
;;;;;;;;;;;;;
;;;;;;;;;;;;;
;;;;;;;;;;;;;
;;;;;;;;;;;;;
;;;;;;;;;;;;;
;;;;;;;;;;;;;
;;;;;;;;;;;;;
;;;;;;;;;;;;;
;;;;;;;;;;;;;
;;;;;;;;;;;;;
;;;;;;;;;;;;;
;;;;;;;;;;;;;
;;;;;;;;;;;;;
;;;;;;;;;;;;;
;;;;;;;;;;;;;
;;;;;;;;;;;;;
;;;;;;;;;;;;;
;;;;;;;;;;;;;
;;;;;;;;;;;;;
;;;;;;;;;;;;;
;;;;;;;;;;;;;
;;;;;;;;;;;;;
;;;;;;;;;;;;;
;;;;;;;;;;;;;
;;;;;;;;;;;;;
;;;;;;;;;;;;;
;;;;;;;;;;;;;
;;;;;;;;;;;;;
;;;;;;;;;;;;;
;;;;;;;;;;;;;
;;;;;;;;;;;;;
;;;;;;;;;;;;;
;;;;;;;;;;;;;
;;;;;;;;;;;;;
;;;;;;;;;;;;;
;;;;;;;;;;;;;
;;;;;;;;;;;;;
;;;;;;;;;;;;;
;;;;;;;;;;;;;
;;;;;;;;;;;;;
;;;;;;;;;;;;;
;;;;;;;;;;;;;
;;;;;;;;;;;;;
;;;;;;;;;;;;;
;;;;;;;;;;;;;
;;;;;;;;;;;;;
;;;;;;;;;;;;;
;;;;;;;;;;;;;
;;;;;;;;;;;;;
;;;;;;;;;;;;;
;;;;;;;;;;;;;
;;;;;;;;;;;;;
;;;;;;;;;;;;;
;;;;;;;;;;;;;
;;;;;;;;;;;;;
;;;;;;;;;;;;;
;;;;;;;;;;;;;
;;;;;;;;;;;;;
;;;;;;;;;;;;;
;;;;;;;;;;;;;
;;;;;;;;;;;;;
;;;;;;;;;;;;;
;;;;;;;;;;;;;
;;;;;;;;;;;;;
;;;;;;;;;;;;;
;;;;;;;;;;;;;
;;;;;;;;;;;;;
;;;;;;;;;;;;;
;;;;;;;;;;;;;
;;;;;;;;;;;;;
;;;;;;;;;;;;;
;;;;;;;;;;;;;
;;;;;;;;;;;;;
;;;;;;;;;;;;;
;;;;;;;;;;;;;
;;;;;;;;;;;;;
;;;;;;;;;;;;;
;;;;;;;;;;;;;
;;;;;;;;;;;;;
;;;;;;;;;;;;;
;;;;;;;;;;;;;
;;;;;;;;;;;;;
;;;;;;;;;;;;;
;;;;;;;;;;;;;
;;;;;;;;;;;;;
;;;;;;;;;;;;;
;;;;;;;;;;;;;
;;;;;;;;;;;;;
;;;;;;;;;;;;;
;;;;;;;;;;;;;
;;;;;;;;;;;;;
;;;;;;;;;;;;;
;;;;;;;;;;;;;
;;;;;;;;;;;;;
;;;;;;;;;;;;;
;;;;;;;;;;;;;
;;;;;;;;;;;;;
;;;;;;;;;;;;;
;;;;;;;;;;;;;
;;;;;;;;;;;;;
;;;;;;;;;;;;;
;;;;;;;;;;;;;
;;;;;;;;;;;;;
;;;;;;;;;;;;;
;;;;;;;;;;;;;
;;;;;;;;;;;;;
;;;;;;;;;;;;;
;;;;;;;;;;;;;
;;;;;;;;;;;;;
;;;;;;;;;;;;;
;;;;;;;;;;;;;
;;;;;;;;;;;;;
;;;;;;;;;;;;;
;;;;;;;;;;;;;
;;;;;;;;;;;;;
;;;;;;;;;;;;;
;;;;;;;;;;;;;
;;;;;;;;;;;;;
;;;;;;;;;;;;;
;;;;;;;;;;;;;
;;;;;;;;;;;;;
;;;;;;;;;;;;;
;;;;;;;;;;;;;
;;;;;;;;;;;;;
;;;;;;;;;;;;;
;;;;;;;;;;;;;
;;;;;;;;;;;;;
;;;;;;;;;;;;;
;;;;;;;;;;;;;
;;;;;;;;;;;;;
;;;;;;;;;;;;;
;;;;;;;;;;;;;
;;;;;;;;;;;;;
;;;;;;;;;;;;;
;;;;;;;;;;;;;
;;;;;;;;;;;;;
;;;;;;;;;;;;;
;;;;;;;;;;;;;
;;;;;;;;;;;;;
;;;;;;;;;;;;;
;;;;;;;;;;;;;
;;;;;;;;;;;;;
;;;;;;;;;;;;;
;;;;;;;;;;;;;
;;;;;;;;;;;;;
;;;;;;;;;;;;;
;;;;;;;;;;;;;
;;;;;;;;;;;;;
;;;;;;;;;;;;;
;;;;;;;;;;;;;
;;;;;;;;;;;;;
;;;;;;;;;;;;;
;;;;;;;;;;;;;
;;;;;;;;;;;;;
;;;;;;;;;;;;;
;;;;;;;;;;;;;
;;;;;;;;;;;;;
;;;;;;;;;;;;;
;;;;;;;;;;;;;
;;;;;;;;;;;;;
;;;;;;;;;;;;;
;;;;;;;;;;;;;
;;;;;;;;;;;;;
;;;;;;;;;;;;;
;;;;;;;;;;;;;
;;;;;;;;;;;;;
;;;;;;;;;;;;;
;;;;;;;;;;;;;
;;;;;;;;;;;;;
;;;;;;;;;;;;;
;;;;;;;;;;;;;
;;;;;;;;;;;;;
;;;;;;;;;;;;;
;;;;;;;;;;;;;
;;;;;;;;;;;;;
;;;;;;;;;;;;;
;;;;;;;;;;;;;
;;;;;;;;;;;;;
;;;;;;;;;;;;;
;;;;;;;;;;;;;
;;;;;;;;;;;;;
;;;;;;;;;;;;;
;;;;;;;;;;;;;
;;;;;;;;;;;;;
;;;;;;;;;;;;;
;;;;;;;;;;;;;
;;;;;;;;;;;;;
;;;;;;;;;;;;;
;;;;;;;;;;;;;
;;;;;;;;;;;;;
;;;;;;;;;;;;;
;;;;;;;;;;;;;
;;;;;;;;;;;;;
;;;;;;;;;;;;;
;;;;;;;;;;;;;
;;;;;;;;;;;;;
;;;;;;;;;;;;;
;;;;;;;;;;;;;
;;;;;;;;;;;;;
;;;;;;;;;;;;;
;;;;;;;;;;;;;
;;;;;;;;;;;;;
;;;;;;;;;;;;;
;;;;;;;;;;;;;
;;;;;;;;;;;;;
;;;;;;;;;;;;;
;;;;;;;;;;;;;
;;;;;;;;;;;;;
;;;;;;;;;;;;;
;;;;;;;;;;;;;
;;;;;;;;;;;;;
;;;;;;;;;;;;;
;;;;;;;;;;;;;
;;;;;;;;;;;;;
;;;;;;;;;;;;;
;;;;;;;;;;;;;
;;;;;;;;;;;;;
;;;;;;;;;;;;;
;;;;;;;;;;;;;
;;;;;;;;;;;;;
;;;;;;;;;;;;;
;;;;;;;;;;;;;
;;;;;;;;;;;;;
;;;;;;;;;;;;;
;;;;;;;;;;;;;
;;;;;;;;;;;;;
;;;;;;;;;;;;;
;;;;;;;;;;;;;
;;;;;;;;;;;;;
;;;;;;;;;;;;;
;;;;;;;;;;;;;
;;;;;;;;;;;;;
;;;;;;;;;;;;;
;;;;;;;;;;;;;
;;;;;;;;;;;;;
;;;;;;;;;;;;;
;;;;;;;;;;;;;
;;;;;;;;;;;;;
;;;;;;;;;;;;;
;;;;;;;;;;;;;
;;;;;;;;;;;;;
;;;;;;;;;;;;;
;;;;;;;;;;;;;
;;;;;;;;;;;;;
;;;;;;;;;;;;;
;;;;;;;;;;;;;
;;;;;;;;;;;;;
;;;;;;;;;;;;;
;;;;;;;;;;;;;
;;;;;;;;;;;;;
;;;;;;;;;;;;;
;;;;;;;;;;;;;
;;;;;;;;;;;;;
;;;;;;;;;;;;;
;;;;;;;;;;;;;
;;;;;;;;;;;;;
;;;;;;;;;;;;;
;;;;;;;;;;;;;
;;;;;;;;;;;;;
;;;;;;;;;;;;;
;;;;;;;;;;;;;
;;;;;;;;;;;;;
;;;;;;;;;;;;;
;;;;;;;;;;;;;
;;;;;;;;;;;;;
;;;;;;;;;;;;;
;;;;;;;;;;;;;
;;;;;;;;;;;;;
;;;;;;;;;;;;;
;;;;;;;;;;;;;
;;;;;;;;;;;;;
;;;;;;;;;;;;;
;;;;;;;;;;;;;
;;;;;;;;;;;;;
;;;;;;;;;;;;;
;;;;;;;;;;;;;
;;;;;;;;;;;;;
;;;;;;;;;;;;;
;;;;;;;;;;;;;
;;;;;;;;;;;;;
;;;;;;;;;;;;;
;;;;;;;;;;;;;
;;;;;;;;;;;;;
;;;;;;;;;;;;;
;;;;;;;;;;;;;
;;;;;;;;;;;;;
;;;;;;;;;;;;;
;;;;;;;;;;;;;
;;;;;;;;;;;;;
;;;;;;;;;;;;;
;;;;;;;;;;;;;
;;;;;;;;;;;;;
;;;;;;;;;;;;;
;;;;;;;;;;;;;
;;;;;;;;;;;;;
;;;;;;;;;;;;;
;;;;;;;;;;;;;
;;;;;;;;;;;;;
;;;;;;;;;;;;;
;;;;;;;;;;;;;
;;;;;;;;;;;;;
;;;;;;;;;;;;;
;;;;;;;;;;;;;
;;;;;;;;;;;;;
;;;;;;;;;;;;;
;;;;;;;;;;;;;
;;;;;;;;;;;;;
;;;;;;;;;;;;;
;;;;;;;;;;;;;
;;;;;;;;;;;;;
;;;;;;;;;;;;;
;;;;;;;;;;;;;
;;;;;;;;;;;;;
;;;;;;;;;;;;;
;;;;;;;;;;;;;
;;;;;;;;;;;;;
;;;;;;;;;;;;;
;;;;;;;;;;;;;
;;;;;;;;;;;;;
;;;;;;;;;;;;;
;;;;;;;;;;;;;
;;;;;;;;;;;;;
;;;;;;;;;;;;;
;;;;;;;;;;;;;
;;;;;;;;;;;;;
;;;;;;;;;;;;;
;;;;;;;;;;;;;
;;;;;;;;;;;;;
;;;;;;;;;;;;;
;;;;;;;;;;;;;
;;;;;;;;;;;;;
;;;;;;;;;;;;;
;;;;;;;;;;;;;
;;;;;;;;;;;;;
;;;;;;;;;;;;;
;;;;;;;;;;;;;
;;;;;;;;;;;;;
;;;;;;;;;;;;;
;;;;;;;;;;;;;
;;;;;;;;;;;;;
;;;;;;;;;;;;;
;;;;;;;;;;;;;
;;;;;;;;;;;;;
;;;;;;;;;;;;;
;;;;;;;;;;;;;
;;;;;;;;;;;;;
;;;;;;;;;;;;;
;;;;;;;;;;;;;
;;;;;;;;;;;;;
;;;;;;;;;;;;;
;;;;;;;;;;;;;
;;;;;;;;;;;;;
;;;;;;;;;;;;;
;;;;;;;;;;;;;
;;;;;;;;;;;;;
;;;;;;;;;;;;;
;;;;;;;;;;;;;
;;;;;;;;;;;;;
;;;;;;;;;;;;;
;;;;;;;;;;;;;
;;;;;;;;;;;;;
;;;;;;;;;;;;;
;;;;;;;;;;;;;
;;;;;;;;;;;;;
;;;;;;;;;;;;;
;;;;;;;;;;;;;
;;;;;;;;;;;;;
;;;;;;;;;;;;;
;;;;;;;;;;;;;
;;;;;;;;;;;;;
;;;;;;;;;;;;;
;;;;;;;;;;;;;
;;;;;;;;;;;;;
;;;;;;;;;;;;;
;;;;;;;;;;;;;
;;;;;;;;;;;;;
;;;;;;;;;;;;;
;;;;;;;;;;;;;
;;;;;;;;;;;;;
;;;;;;;;;;;;;
;;;;;;;;;;;;;
;;;;;;;;;;;;;
;;;;;;;;;;;;;
;;;;;;;;;;;;;
;;;;;;;;;;;;;
;;;;;;;;;;;;;
;;;;;;;;;;;;;
;;;;;;;;;;;;;
;;;;;;;;;;;;;
;;;;;;;;;;;;;
;;;;;;;;;;;;;
;;;;;;;;;;;;;
;;;;;;;;;;;;;
;;;;;;;;;;;;;
;;;;;;;;;;;;;
;;;;;;;;;;;;;
;;;;;;;;;;;;;
;;;;;;;;;;;;;
;;;;;;;;;;;;;
;;;;;;;;;;;;;
;;;;;;;;;;;;;
;;;;;;;;;;;;;
;;;;;;;;;;;;;
;;;;;;;;;;;;;
;;;;;;;;;;;;;
;;;;;;;;;;;;;
;;;;;;;;;;;;;
;;;;;;;;;;;;;
;;;;;;;;;;;;;
;;;;;;;;;;;;;
;;;;;;;;;;;;;
;;;;;;;;;;;;;
;;;;;;;;;;;;;
;;;;;;;;;;;;;
;;;;;;;;;;;;;
;;;;;;;;;;;;;
;;;;;;;;;;;;;
;;;;;;;;;;;;;
;;;;;;;;;;;;;
;;;;;;;;;;;;;
;;;;;;;;;;;;;
;;;;;;;;;;;;;
;;;;;;;;;;;;;
;;;;;;;;;;;;;
;;;;;;;;;;;;;
;;;;;;;;;;;;;
;;;;;;;;;;;;;
;;;;;;;;;;;;;
;;;;;;;;;;;;;
;;;;;;;;;;;;;
;;;;;;;;;;;;;
;;;;;;;;;;;;;
;;;;;;;;;;;;;
;;;;;;;;;;;;;
;;;;;;;;;;;;;
;;;;;;;;;;;;;
;;;;;;;;;;;;;
;;;;;;;;;;;;;
;;;;;;;;;;;;;
;;;;;;;;;;;;;
;;;;;;;;;;;;;
;;;;;;;;;;;;;
;;;;;;;;;;;;;
;;;;;;;;;;;;;
;;;;;;;;;;;;;
;;;;;;;;;;;;;
;;;;;;;;;;;;;
;;;;;;;;;;;;;
;;;;;;;;;;;;;
;;;;;;;;;;;;;
;;;;;;;;;;;;;
;;;;;;;;;;;;;
;;;;;;;;;;;;;
;;;;;;;;;;;;;
;;;;;;;;;;;;;
;;;;;;;;;;;;;
;;;;;;;;;;;;;
;;;;;;;;;;;;;
;;;;;;;;;;;;;
;;;;;;;;;;;;;
;;;;;;;;;;;;;
;;;;;;;;;;;;;
;;;;;;;;;;;;;
;;;;;;;;;;;;;
;;;;;;;;;;;;;
;;;;;;;;;;;;;
;;;;;;;;;;;;;
;;;;;;;;;;;;;
;;;;;;;;;;;;;
;;;;;;;;;;;;;
;;;;;;;;;;;;;
;;;;;;;;;;;;;
;;;;;;;;;;;;;
;;;;;;;;;;;;;
;;;;;;;;;;;;;
;;;;;;;;;;;;;
;;;;;;;;;;;;;
;;;;;;;;;;;;;
;;;;;;;;;;;;;
;;;;;;;;;;;;;
;;;;;;;;;;;;;
;;;;;;;;;;;;;
;;;;;;;;;;;;;
;;;;;;;;;;;;;
;;;;;;;;;;;;;
;;;;;;;;;;;;;
;;;;;;;;;;;;;
;;;;;;;;;;;;;
;;;;;;;;;;;;;
;;;;;;;;;;;;;
;;;;;;;;;;;;;
;;;;;;;;;;;;;
;;;;;;;;;;;;;
;;;;;;;;;;;;;
;;;;;;;;;;;;;
;;;;;;;;;;;;;
;;;;;;;;;;;;;
;;;;;;;;;;;;;
;;;;;;;;;;;;;
;;;;;;;;;;;;;
;;;;;;;;;;;;;
;;;;;;;;;;;;;
;;;;;;;;;;;;;
;;;;;;;;;;;;;
;;;;;;;;;;;;;
;;;;;;;;;;;;;
;;;;;;;;;;;;;
;;;;;;;;;;;;;
;;;;;;;;;;;;;
;;;;;;;;;;;;;
;;;;;;;;;;;;;
;;;;;;;;;;;;;
;;;;;;;;;;;;;
;;;;;;;;;;;;;
;;;;;;;;;;;;;
;;;;;;;;;;;;;
;;;;;;;;;;;;;
;;;;;;;;;;;;;
;;;;;;;;;;;;;
;;;;;;;;;;;;;
;;;;;;;;;;;;;
;;;;;;;;;;;;;
;;;;;;;;;;;;;
;;;;;;;;;;;;;
;;;;;;;;;;;;;
;;;;;;;;;;;;;
;;;;;;;;;;;;;
;;;;;;;;;;;;;
;;;;;;;;;;;;;
;;;;;;;;;;;;;
;;;;;;;;;;;;;
;;;;;;;;;;;;;
;;;;;;;;;;;;;
;;;;;;;;;;;;;
;;;;;;;;;;;;;
;;;;;;;;;;;;;
;;;;;;;;;;;;;
;;;;;;;;;;;;;
;;;;;;;;;;;;;
;;;;;;;;;;;;;
;;;;;;;;;;;;;
;;;;;;;;;;;;;
;;;;;;;;;;;;;
;;;;;;;;;;;;;
;;;;;;;;;;;;;
;;;;;;;;;;;;;
;;;;;;;;;;;;;
;;;;;;;;;;;;;
;;;;;;;;;;;;;
;;;;;;;;;;;;;
;;;;;;;;;;;;;
;;;;;;;;;;;;;
;;;;;;;;;;;;;
;;;;;;;;;;;;;
;;;;;;;;;;;;;
;;;;;;;;;;;;;
;;;;;;;;;;;;;
;;;;;;;;;;;;;
;;;;;;;;;;;;;
;;;;;;;;;;;;;
;;;;;;;;;;;;;
;;;;;;;;;;;;;
;;;;;;;;;;;;;
;;;;;;;;;;;;;
;;;;;;;;;;;;;
;;;;;;;;;;;;;
;;;;;;;;;;;;;
;;;;;;;;;;;;;
;;;;;;;;;;;;;
;;;;;;;;;;;;;
;;;;;;;;;;;;;
;;;;;;;;;;;;;
;;;;;;;;;;;;;
;;;;;;;;;;;;;
;;;;;;;;;;;;;
;;;;;;;;;;;;;
;;;;;;;;;;;;;
;;;;;;;;;;;;;
;;;;;;;;;;;;;
;;;;;;;;;;;;;
;;;;;;;;;;;;;
;;;;;;;;;;;;;
;;;;;;;;;;;;;
;;;;;;;;;;;;;
;;;;;;;;;;;;;
;;;;;;;;;;;;;
;;;;;;;;;;;;;
;;;;;;;;;;;;;
;;;;;;;;;;;;;
;;;;;;;;;;;;;
;;;;;;;;;;;;;
;;;;;;;;;;;;;
;;;;;;;;;;;;;
;;;;;;;;;;;;;
;;;;;;;;;;;;;
;;;;;;;;;;;;;
;;;;;;;;;;;;;
;;;;;;;;;;;;;
;;;;;;;;;;;;;
;;;;;;;;;;;;;
;;;;;;;;;;;;;
;;;;;;;;;;;;;
;;;;;;;;;;;;;
;;;;;;;;;;;;;
;;;;;;;;;;;;;
;;;;;;;;;;;;;
;;;;;;;;;;;;;
;;;;;;;;;;;;;
;;;;;;;;;;;;;
;;;;;;;;;;;;;
;;;;;;;;;;;;;
;;;;;;;;;;;;;
;;;;;;;;;;;;;
;;;;;;;;;;;;;
;;;;;;;;;;;;;
;;;;;;;;;;;;;
;;;;;;;;;;;;;
;;;;;;;;;;;;;
;;;;;;;;;;;;;
;;;;;;;;;;;;;
;;;;;;;;;;;;;
;;;;;;;;;;;;;
;;;;;;;;;;;;;
;;;;;;;;;;;;;
;;;;;;;;;;;;;
;;;;;;;;;;;;;
;;;;;;;;;;;;;
;;;;;;;;;;;;;
;;;;;;;;;;;;;
;;;;;;;;;;;;;
;;;;;;;;;;;;;
;;;;;;;;;;;;;
;;;;;;;;;;;;;
;;;;;;;;;;;;;
;;;;;;;;;;;;;
;;;;;;;;;;;;;
;;;;;;;;;;;;;
;;;;;;;;;;;;;
;;;;;;;;;;;;;
;;;;;;;;;;;;;
;;;;;;;;;;;;;
;;;;;;;;;;;;;
;;;;;;;;;;;;;
;;;;;;;;;;;;;
;;;;;;;;;;;;;
;;;;;;;;;;;;;
;;;;;;;;;;;;;
;;;;;;;;;;;;;
;;;;;;;;;;;;;
;;;;;;;;;;;;;
;;;;;;;;;;;;;
;;;;;;;;;;;;;
;;;;;;;;;;;;;
;;;;;;;;;;;;;
;;;;;;;;;;;;;
;;;;;;;;;;;;;
;;;;;;;;;;;;;
;;;;;;;;;;;;;
;;;;;;;;;;;;;
;;;;;;;;;;;;;
;;;;;;;;;;;;;
;;;;;;;;;;;;;
;;;;;;;;;;;;;
;;;;;;;;;;;;;
;;;;;;;;;;;;;
;;;;;;;;;;;;;
;;;;;;;;;;;;;
;;;;;;;;;;;;;
;;;;;;;;;;;;;
;;;;;;;;;;;;;
;;;;;;;;;;;;;
;;;;;;;;;;;;;
;;;;;;;;;;;;;
;;;;;;;;;;;;;
;;;;;;;;;;;;;
;;;;;;;;;;;;;
;;;;;;;;;;;;;
;;;;;;;;;;;;;
;;;;;;;;;;;;;
;;;;;;;;;;;;;
;;;;;;;;;;;;;
;;;;;;;;;;;;;
;;;;;;;;;;;;;
;;;;;;;;;;;;;
;;;;;;;;;;;;;
;;;;;;;;;;;;;
;;;;;;;;;;;;;
;;;;;;;;;;;;;
;;;;;;;;;;;;;
;;;;;;;;;;;;;
;;;;;;;;;;;;;
;;;;;;;;;;;;;
;;;;;;;;;;;;;
;;;;;;;;;;;;;
;;;;;;;;;;;;;
;;;;;;;;;;;;;
;;;;;;;;;;;;;
;;;;;;;;;;;;;
;;;;;;;;;;;;;
;;;;;;;;;;;;;
;;;;;;;;;;;;;
;;;;;;;;;;;;;
;;;;;;;;;;;;;
;;;;;;;;;;;;;
;;;;;;;;;;;;;
;;;;;;;;;;;;;
;;;;;;;;;;;;;
;;;;;;;;;;;;;
;;;;;;;;;;;;;
;;;;;;;;;;;;;
;;;;;;;;;;;;;
;;;;;;;;;;;;;
;;;;;;;;;;;;;
;;;;;;;;;;;;;
;;;;;;;;;;;;;
;;;;;;;;;;;;;
;;;;;;;;;;;;;
;;;;;;;;;;;;;
;;;;;;;;;;;;;
;;;;;;;;;;;;;
;;;;;;;;;;;;;
;;;;;;;;;;;;;
;;;;;;;;;;;;;
;;;;;;;;;;;;;
;;;;;;;;;;;;;
;;;;;;;;;;;;;
;;;;;;;;;;;;;
;;;;;;;;;;;;;
;;;;;;;;;;;;;
;;;;;;;;;;;;;
;;;;;;;;;;;;;
;;;;;;;;;;;;;
;;;;;;;;;;;;;
;;;;;;;;;;;;;
;;;;;;;;;;;;;
;;;;;;;;;;;;;
;;;;;;;;;;;;;
;;;;;;;;;;;;;
;;;;;;;;;;;;;
;;;;;;;;;;;;;
;;;;;;;;;;;;;
;;;;;;;;;;;;;
;;;;;;;;;;;;;
;;;;;;;;;;;;;
;;;;;;;;;;;;;
;;;;;;;;;;;;;
;;;;;;;;;;;;;
;;;;;;;;;;;;;
;;;;;;;;;;;;;
;;;;;;;;;;;;;
;;;;;;;;;;;;;
;;;;;;;;;;;;;
;;;;;;;;;;;;;
;;;;;;;;;;;;;
;;;;;;;;;;;;;
;;;;;;;;;;;;;
;;;;;;;;;;;;;
;;;;;;;;;;;;;
;;;;;;;;;;;;;
;;;;;;;;;;;;;
;;;;;;;;;;;;;
;;;;;;;;;;;;;
;;;;;;;;;;;;;
;;;;;;;;;;;;;
;;;;;;;;;;;;;
;;;;;;;;;;;;;
;;;;;;;;;;;;;
;;;;;;;;;;;;;
;;;;;;;;;;;;;
;;;;;;;;;;;;;
;;;;;;;;;;;;;
;;;;;;;;;;;;;
;;;;;;;;;;;;;
;;;;;;;;;;;;;
;;;;;;;;;;;;;
;;;;;;;;;;;;;
;;;;;;;;;;;;;
;;;;;;;;;;;;;
;;;;;;;;;;;;;
;;;;;;;;;;;;;
;;;;;;;;;;;;;
;;;;;;;;;;;;;
;;;;;;;;;;;;;
;;;;;;;;;;;;;
;;;;;;;;;;;;;
;;;;;;;;;;;;;
;;;;;;;;;;;;;
;;;;;;;;;;;;;
;;;;;;;;;;;;;
;;;;;;;;;;;;;
;;;;;;;;;;;;;
;;;;;;;;;;;;;
;;;;;;;;;;;;;
;;;;;;;;;;;;;
;;;;;;;;;;;;;
;;;;;;;;;;;;;
;;;;;;;;;;;;;
;;;;;;;;;;;;;
;;;;;;;;;;;;;
;;;;;;;;;;;;;
;;;;;;;;;;;;;
;;;;;;;;;;;;;
;;;;;;;;;;;;;
;;;;;;;;;;;;;
;;;;;;;;;;;;;
;;;;;;;;;;;;;
;;;;;;;;;;;;;
;;;;;;;;;;;;;
;;;;;;;;;;;;;
;;;;;;;;;;;;;
;;;;;;;;;;;;;
;;;;;;;;;;;;;
;;;;;;;;;;;;;
;;;;;;;;;;;;;
;;;;;;;;;;;;;
;;;;;;;;;;;;;
;;;;;;;;;;;;;
;;;;;;;;;;;;;
;;;;;;;;;;;;;
;;;;;;;;;;;;;
;;;;;;;;;;;;;
;;;;;;;;;;;;;
;;;;;;;;;;;;;
;;;;;;;;;;;;;
;;;;;;;;;;;;;
;;;;;;;;;;;;;
;;;;;;;;;;;;;
;;;;;;;;;;;;;
;;;;;;;;;;;;;
;;;;;;;;;;;;;
;;;;;;;;;;;;;
;;;;;;;;;;;;;
